,state,date,ML,Low_90,High_90,Low_50,High_50,state_ab
0,Andhra Pradesh,2020-03-18,3.0,1.01,6.99,2.04,4.45,AP
1,Andhra Pradesh,2020-03-19,2.88,0.99,6.28,1.99,4.16,AP
2,Andhra Pradesh,2020-03-20,2.7800000000000002,0.9400000000000001,5.8100000000000005,2.0,4.0200000000000005,AP
3,Andhra Pradesh,2020-03-21,2.7,0.97,5.5600000000000005,1.87,3.77,AP
4,Andhra Pradesh,2020-03-22,2.63,0.93,5.3,1.9100000000000001,3.73,AP
5,Andhra Pradesh,2020-03-23,2.57,0.89,5.09,1.86,3.61,AP
6,Andhra Pradesh,2020-03-24,2.77,0.98,5.24,2.0,3.7800000000000002,AP
7,Andhra Pradesh,2020-03-25,2.64,0.93,4.91,1.87,3.5300000000000002,AP
8,Andhra Pradesh,2020-03-26,2.5300000000000002,0.93,4.71,1.8900000000000001,3.47,AP
9,Andhra Pradesh,2020-03-27,2.63,0.98,4.7,2.0100000000000002,3.5700000000000003,AP
10,Andhra Pradesh,2020-03-28,3.48,1.6400000000000001,5.48,2.79,4.4,AP
11,Andhra Pradesh,2020-03-29,3.74,2.05,5.45,3.06,4.47,AP
12,Andhra Pradesh,2020-03-30,3.48,2.06,4.95,2.97,4.17,AP
13,Andhra Pradesh,2020-03-31,3.3000000000000003,2.07,4.57,2.82,3.85,AP
14,Andhra Pradesh,2020-04-01,3.14,2.06,4.25,2.72,3.62,AP
15,Andhra Pradesh,2020-04-02,2.89,1.92,3.86,2.5300000000000002,3.33,AP
16,Andhra Pradesh,2020-04-03,2.5500000000000003,1.68,3.44,2.2600000000000002,2.99,AP
17,Andhra Pradesh,2020-04-04,2.32,1.53,3.17,1.99,2.66,AP
18,Andhra Pradesh,2020-04-05,2.05,1.3,2.85,1.79,2.43,AP
19,Andhra Pradesh,2020-04-06,1.76,1.01,2.5,1.52,2.14,AP
20,Andhra Pradesh,2020-04-07,1.6,0.9,2.37,1.31,1.9100000000000001,AP
21,Andhra Pradesh,2020-04-08,1.47,0.76,2.21,1.23,1.83,AP
22,Andhra Pradesh,2020-04-09,1.34,0.64,2.09,1.1,1.7,AP
23,Andhra Pradesh,2020-04-10,1.25,0.53,1.98,1.0,1.6,AP
24,Andhra Pradesh,2020-04-11,1.22,0.5,1.96,0.9500000000000001,1.55,AP
25,Andhra Pradesh,2020-04-12,1.23,0.52,1.99,0.99,1.6,AP
26,Andhra Pradesh,2020-04-13,1.23,0.51,1.98,0.99,1.6,AP
27,Andhra Pradesh,2020-04-14,1.27,0.55,2.02,1.03,1.6400000000000001,AP
28,Andhra Pradesh,2020-04-15,1.32,0.6,2.06,1.06,1.6600000000000001,AP
29,Andhra Pradesh,2020-04-16,1.3900000000000001,0.68,2.12,1.11,1.7,AP
30,Andhra Pradesh,2020-04-17,1.42,0.74,2.16,1.1500000000000001,1.73,AP
31,Andhra Pradesh,2020-04-18,1.44,0.76,2.15,1.18,1.75,AP
32,Andhra Pradesh,2020-04-19,1.49,0.8300000000000001,2.19,1.26,1.82,AP
33,Andhra Pradesh,2020-04-20,1.51,0.88,2.21,1.29,1.84,AP
34,Andhra Pradesh,2020-04-21,1.54,0.9,2.19,1.3,1.83,AP
35,Andhra Pradesh,2020-04-22,1.55,0.9500000000000001,2.21,1.34,1.86,AP
36,Andhra Pradesh,2020-04-23,1.53,0.9500000000000001,2.18,1.34,1.85,AP
37,Andhra Pradesh,2020-04-24,1.52,0.9400000000000001,2.14,1.29,1.78,AP
38,Andhra Pradesh,2020-04-25,1.46,0.88,2.05,1.24,1.72,AP
39,Andhra Pradesh,2020-04-26,1.45,0.89,2.04,1.27,1.75,AP
40,Andhra Pradesh,2020-04-27,1.37,0.8,1.93,1.18,1.6500000000000001,AP
41,Andhra Pradesh,2020-04-28,1.28,0.73,1.85,1.07,1.53,AP
42,Andhra Pradesh,2020-04-29,1.22,0.68,1.8,1.02,1.48,AP
43,Andhra Pradesh,2020-04-30,1.17,0.63,1.75,0.97,1.43,AP
44,Andhra Pradesh,2020-05-01,1.1,0.5700000000000001,1.69,0.91,1.37,AP
45,Andhra Pradesh,2020-05-02,1.04,0.49,1.61,0.8300000000000001,1.29,AP
46,Andhra Pradesh,2020-05-03,1.02,0.47000000000000003,1.6,0.84,1.31,AP
47,Andhra Pradesh,2020-05-04,1.0,0.45,1.59,0.81,1.28,AP
48,Andhra Pradesh,2020-05-05,1.0,0.43,1.57,0.79,1.26,AP
49,Andhra Pradesh,2020-05-06,1.0,0.45,1.6,0.78,1.25,AP
50,Assam,2020-04-26,3.0,1.01,6.99,2.04,4.45,AS
51,Assam,2020-04-27,2.88,0.99,6.28,1.99,4.16,AS
52,Assam,2020-04-28,2.7800000000000002,0.9400000000000001,5.8100000000000005,2.0,4.0200000000000005,AS
53,Assam,2020-04-29,2.7,0.97,5.5600000000000005,1.87,3.77,AS
54,Assam,2020-04-30,2.63,0.93,5.3,1.9100000000000001,3.73,AS
55,Assam,2020-05-01,2.57,0.89,5.09,1.86,3.61,AS
56,Assam,2020-05-02,2.52,0.89,4.96,1.79,3.48,AS
57,Assam,2020-05-03,2.47,0.87,4.83,1.82,3.47,AS
58,Assam,2020-05-04,2.42,0.81,4.67,1.79,3.4,AS
59,Assam,2020-05-05,2.38,0.78,4.5600000000000005,1.7,3.27,AS
60,Assam,2020-05-06,2.35,0.72,4.43,1.6600000000000001,3.2,AS
61,Bihar,2020-03-22,3.0,1.01,6.99,2.04,4.45,BR
62,Bihar,2020-03-23,2.88,0.99,6.28,1.99,4.16,BR
63,Bihar,2020-03-24,2.7800000000000002,0.9400000000000001,5.8100000000000005,2.0,4.0200000000000005,BR
64,Bihar,2020-03-25,3.02,1.08,5.99,2.15,4.2,BR
65,Bihar,2020-03-26,2.83,1.03,5.43,2.02,3.86,BR
66,Bihar,2020-03-27,2.68,0.99,5.0600000000000005,2.0100000000000002,3.72,BR
67,Bihar,2020-03-28,2.57,0.97,4.8100000000000005,1.93,3.54,BR
68,Bihar,2020-03-29,2.68,1.06,4.84,1.99,3.5700000000000003,BR
69,Bihar,2020-03-30,2.5300000000000002,0.99,4.53,1.9100000000000001,3.39,BR
70,Bihar,2020-03-31,2.41,0.92,4.28,1.8,3.2,BR
71,Bihar,2020-04-01,2.31,0.85,4.07,1.72,3.06,BR
72,Bihar,2020-04-02,2.23,0.84,3.96,1.71,3.0100000000000002,BR
73,Bihar,2020-04-03,2.04,0.66,3.64,1.51,2.75,BR
74,Bihar,2020-04-04,2.0,0.65,3.6,1.41,2.63,BR
75,Bihar,2020-04-05,2.08,0.72,3.68,1.57,2.8000000000000003,BR
76,Bihar,2020-04-06,2.15,0.77,3.7,1.58,2.79,BR
77,Bihar,2020-04-07,2.07,0.74,3.59,1.57,2.75,BR
78,Bihar,2020-04-08,2.0,0.6900000000000001,3.47,1.5,2.65,BR
79,Bihar,2020-04-09,2.04,0.74,3.48,1.54,2.67,BR
80,Bihar,2020-04-10,1.96,0.7000000000000001,3.37,1.48,2.58,BR
81,Bihar,2020-04-11,1.81,0.56,3.15,1.31,2.38,BR
82,Bihar,2020-04-12,1.77,0.48,3.0300000000000002,1.3,2.36,BR
83,Bihar,2020-04-13,1.73,0.45,2.97,1.27,2.32,BR
84,Bihar,2020-04-14,1.6,0.38,2.85,1.16,2.2,BR
85,Bihar,2020-04-15,1.67,0.44,2.93,1.21,2.25,BR
86,Bihar,2020-04-16,1.72,0.5,2.99,1.23,2.2600000000000002,BR
87,Bihar,2020-04-17,1.83,0.6,3.0700000000000003,1.3800000000000001,2.4,BR
88,Bihar,2020-04-18,1.84,0.66,3.08,1.43,2.43,BR
89,Bihar,2020-04-19,1.98,0.8200000000000001,3.17,1.59,2.56,BR
90,Bihar,2020-04-20,2.14,1.0,3.24,1.72,2.64,BR
91,Bihar,2020-04-21,2.16,1.12,3.24,1.78,2.65,BR
92,Bihar,2020-04-22,2.2,1.21,3.2,1.85,2.67,BR
93,Bihar,2020-04-23,2.2800000000000002,1.36,3.22,1.97,2.74,BR
94,Bihar,2020-04-24,2.18,1.32,3.06,1.8800000000000001,2.6,BR
95,Bihar,2020-04-25,2.08,1.27,2.91,1.81,2.49,BR
96,Bihar,2020-04-26,1.93,1.1500000000000001,2.71,1.6300000000000001,2.27,BR
97,Bihar,2020-04-27,1.81,1.06,2.56,1.55,2.17,BR
98,Bihar,2020-04-28,1.6600000000000001,0.9500000000000001,2.41,1.4000000000000001,2.0,BR
99,Bihar,2020-04-29,1.52,0.8,2.23,1.26,1.85,BR
100,Bihar,2020-04-30,1.4000000000000001,0.71,2.13,1.11,1.69,BR
101,Bihar,2020-05-01,1.27,0.59,2.0100000000000002,1.0,1.58,BR
102,Bihar,2020-05-02,1.11,0.42,1.84,0.88,1.47,BR
103,Bihar,2020-05-03,1.07,0.37,1.8,0.8,1.3900000000000001,BR
104,Bihar,2020-05-04,0.98,0.27,1.7,0.73,1.33,BR
105,Bihar,2020-05-05,0.92,0.21,1.6400000000000001,0.67,1.28,BR
106,Bihar,2020-05-06,0.8,0.11,1.49,0.52,1.1300000000000001,BR
107,Chandigarh,2020-04-15,3.0,1.01,6.99,2.04,4.45,CH
108,Chandigarh,2020-04-16,2.88,0.99,6.28,1.99,4.16,CH
109,Chandigarh,2020-04-17,2.7800000000000002,0.9400000000000001,5.8100000000000005,2.0,4.0200000000000005,CH
110,Chandigarh,2020-04-18,2.7,0.97,5.5600000000000005,1.87,3.77,CH
111,Chandigarh,2020-04-19,2.63,0.93,5.3,1.9100000000000001,3.73,CH
112,Chandigarh,2020-04-20,2.57,0.89,5.09,1.86,3.61,CH
113,Chandigarh,2020-04-21,2.52,0.89,4.96,1.79,3.48,CH
114,Chandigarh,2020-04-22,2.47,0.87,4.83,1.82,3.47,CH
115,Chandigarh,2020-04-23,2.65,0.98,5.0,1.98,3.66,CH
116,Chandigarh,2020-04-24,2.75,1.06,4.99,2.0300000000000002,3.67,CH
117,Chandigarh,2020-04-25,2.79,1.1400000000000001,4.89,2.15,3.72,CH
118,Chandigarh,2020-04-26,2.94,1.3,4.88,2.23,3.72,CH
119,Chandigarh,2020-04-27,2.8000000000000003,1.29,4.57,2.17,3.5300000000000002,CH
120,Chandigarh,2020-04-28,2.67,1.23,4.25,2.05,3.3000000000000003,CH
121,Chandigarh,2020-04-29,2.54,1.21,4.0200000000000005,1.99,3.15,CH
122,Chandigarh,2020-04-30,2.34,1.07,3.69,1.81,2.89,CH
123,Chandigarh,2020-05-01,2.18,1.0,3.49,1.75,2.7800000000000002,CH
124,Chandigarh,2020-05-02,1.98,0.8300000000000001,3.21,1.53,2.5100000000000002,CH
125,Chandigarh,2020-05-03,1.8900000000000001,0.79,3.11,1.43,2.38,CH
126,Chandigarh,2020-05-04,1.82,0.71,2.97,1.4000000000000001,2.33,CH
127,Chandigarh,2020-05-05,1.75,0.68,2.9,1.31,2.22,CH
128,Chandigarh,2020-05-06,1.7,0.62,2.8000000000000003,1.31,2.21,CH
129,Chhattisgarh,2020-04-27,3.0,1.01,6.99,2.04,4.45,CT
130,Chhattisgarh,2020-04-28,2.88,0.99,6.28,1.99,4.16,CT
131,Chhattisgarh,2020-04-29,3.14,1.1300000000000001,6.42,2.2,4.4,CT
132,Chhattisgarh,2020-04-30,2.91,1.06,5.67,2.1,4.03,CT
133,Chhattisgarh,2020-05-01,3.02,1.21,5.63,2.27,4.13,CT
134,Chhattisgarh,2020-05-02,2.7800000000000002,1.12,5.08,2.07,3.73,CT
135,Chhattisgarh,2020-05-03,2.61,1.05,4.71,1.94,3.47,CT
136,Chhattisgarh,2020-05-04,2.48,0.9500000000000001,4.39,1.87,3.31,CT
137,Chhattisgarh,2020-05-05,2.37,0.89,4.17,1.78,3.15,CT
138,Chhattisgarh,2020-05-06,2.2800000000000002,0.87,4.03,1.74,3.06,CT
139,Delhi,2020-03-14,3.0,1.01,6.99,2.04,4.45,DL
140,Delhi,2020-03-15,2.7800000000000002,1.01,5.86,1.99,4.0,DL
141,Delhi,2020-03-16,2.62,0.93,5.24,1.9000000000000001,3.7,DL
142,Delhi,2020-03-17,2.75,1.06,5.25,2.05,3.81,DL
143,Delhi,2020-03-18,2.57,0.99,4.78,1.9100000000000001,3.5,DL
144,Delhi,2020-03-19,2.43,0.9,4.42,1.84,3.3200000000000003,DL
145,Delhi,2020-03-20,2.32,0.86,4.19,1.69,3.08,DL
146,Delhi,2020-03-21,2.23,0.84,4.03,1.6600000000000001,2.99,DL
147,Delhi,2020-03-22,2.16,0.81,3.89,1.59,2.87,DL
148,Delhi,2020-03-23,2.09,0.76,3.75,1.53,2.77,DL
149,Delhi,2020-03-24,2.04,0.73,3.65,1.5,2.71,DL
150,Delhi,2020-03-25,2.1,0.73,3.62,1.57,2.77,DL
151,Delhi,2020-03-26,2.36,1.0,3.89,1.85,3.0500000000000003,DL
152,Delhi,2020-03-27,2.42,1.11,3.87,1.8900000000000001,3.0300000000000002,DL
153,Delhi,2020-03-28,2.6,1.36,3.98,2.12,3.2,DL
154,Delhi,2020-03-29,3.2,2.02,4.43,2.73,3.72,DL
155,Delhi,2020-03-30,3.3200000000000003,2.27,4.36,2.93,3.79,DL
156,Delhi,2020-03-31,3.16,2.2800000000000002,4.1,2.84,3.59,DL
157,Delhi,2020-04-01,2.95,2.15,3.75,2.66,3.3200000000000003,DL
158,Delhi,2020-04-02,2.61,1.9000000000000001,3.35,2.36,2.96,DL
159,Delhi,2020-04-03,2.31,1.67,3.02,2.04,2.59,DL
160,Delhi,2020-04-04,2.1,1.48,2.75,1.84,2.36,DL
161,Delhi,2020-04-05,1.86,1.26,2.48,1.62,2.12,DL
162,Delhi,2020-04-06,1.83,1.27,2.46,1.6300000000000001,2.12,DL
163,Delhi,2020-04-07,1.76,1.19,2.34,1.58,2.06,DL
164,Delhi,2020-04-08,1.73,1.18,2.3000000000000003,1.52,1.98,DL
165,Delhi,2020-04-09,1.99,1.46,2.54,1.82,2.27,DL
166,Delhi,2020-04-10,1.95,1.45,2.48,1.79,2.22,DL
167,Delhi,2020-04-11,1.82,1.34,2.33,1.6600000000000001,2.07,DL
168,Delhi,2020-04-12,1.6400000000000001,1.16,2.12,1.48,1.8800000000000001,DL
169,Delhi,2020-04-13,1.42,0.96,1.9100000000000001,1.24,1.6300000000000001,DL
170,Delhi,2020-04-14,1.3,0.85,1.8,1.1300000000000001,1.52,DL
171,Delhi,2020-04-15,1.1,0.63,1.58,0.92,1.31,DL
172,Delhi,2020-04-16,0.97,0.51,1.48,0.81,1.21,DL
173,Delhi,2020-04-17,0.9400000000000001,0.46,1.44,0.79,1.2,DL
174,Delhi,2020-04-18,0.79,0.3,1.29,0.61,1.02,DL
175,Delhi,2020-04-19,0.92,0.44,1.46,0.75,1.17,DL
176,Delhi,2020-04-20,1.04,0.56,1.58,0.87,1.29,DL
177,Delhi,2020-04-21,1.07,0.58,1.59,0.91,1.33,DL
178,Delhi,2020-04-22,1.24,0.76,1.76,1.06,1.47,DL
179,Delhi,2020-04-23,1.29,0.81,1.79,1.1400000000000001,1.55,DL
180,Delhi,2020-04-24,1.42,0.96,1.92,1.27,1.67,DL
181,Delhi,2020-04-25,1.47,1.02,1.95,1.33,1.72,DL
182,Delhi,2020-04-26,1.42,0.98,1.8900000000000001,1.28,1.6600000000000001,DL
183,Delhi,2020-04-27,1.3800000000000001,0.9500000000000001,1.84,1.24,1.61,DL
184,Delhi,2020-04-28,1.43,1.01,1.8900000000000001,1.27,1.6300000000000001,DL
185,Delhi,2020-04-29,1.52,1.11,1.97,1.35,1.7,DL
186,Delhi,2020-04-30,1.6,1.19,2.02,1.43,1.77,DL
187,Delhi,2020-05-01,1.53,1.1500000000000001,1.96,1.37,1.7,DL
188,Delhi,2020-05-02,1.6300000000000001,1.25,2.04,1.51,1.84,DL
189,Delhi,2020-05-03,1.6,1.21,1.97,1.48,1.8,DL
190,Delhi,2020-05-04,1.56,1.19,1.93,1.45,1.76,DL
191,Delhi,2020-05-05,1.52,1.18,1.9100000000000001,1.4000000000000001,1.7,DL
192,Delhi,2020-05-06,1.41,1.07,1.79,1.3,1.6,DL
193,Gujarat,2020-03-16,3.0,1.01,6.99,2.04,4.45,GJ
194,Gujarat,2020-03-17,2.88,0.99,6.28,1.99,4.16,GJ
195,Gujarat,2020-03-18,3.14,1.1300000000000001,6.42,2.2,4.4,GJ
196,Gujarat,2020-03-19,3.25,1.28,6.18,2.39,4.45,GJ
197,Gujarat,2020-03-20,3.21,1.34,5.75,2.44,4.3,GJ
198,Gujarat,2020-03-21,3.1,1.35,5.3100000000000005,2.42,4.09,GJ
199,Gujarat,2020-03-22,2.77,1.22,4.73,2.14,3.61,GJ
200,Gujarat,2020-03-23,2.71,1.19,4.46,2.13,3.5,GJ
201,Gujarat,2020-03-24,2.49,1.11,4.13,1.95,3.21,GJ
202,Gujarat,2020-03-25,2.33,1.01,3.85,1.81,2.99,GJ
203,Gujarat,2020-03-26,2.2,0.9500000000000001,3.66,1.67,2.79,GJ
204,Gujarat,2020-03-27,2.1,0.89,3.5,1.6300000000000001,2.71,GJ
205,Gujarat,2020-03-28,2.0100000000000002,0.84,3.37,1.59,2.64,GJ
206,Gujarat,2020-03-29,1.93,0.76,3.22,1.51,2.5300000000000002,GJ
207,Gujarat,2020-03-30,1.95,0.8,3.22,1.52,2.52,GJ
208,Gujarat,2020-03-31,1.87,0.75,3.11,1.42,2.39,GJ
209,Gujarat,2020-04-01,1.8800000000000001,0.78,3.1,1.42,2.37,GJ
210,Gujarat,2020-04-02,1.87,0.75,3.0100000000000002,1.45,2.38,GJ
211,Gujarat,2020-04-03,1.93,0.85,3.06,1.53,2.44,GJ
212,Gujarat,2020-04-04,1.95,0.91,3.0500000000000003,1.57,2.45,GJ
213,Gujarat,2020-04-05,2.18,1.17,3.22,1.76,2.6,GJ
214,Gujarat,2020-04-06,2.45,1.5,3.42,2.1,2.89,GJ
215,Gujarat,2020-04-07,2.64,1.77,3.5300000000000002,2.35,3.08,GJ
216,Gujarat,2020-04-08,2.56,1.75,3.35,2.27,2.93,GJ
217,Gujarat,2020-04-09,2.48,1.76,3.23,2.24,2.85,GJ
218,Gujarat,2020-04-10,2.33,1.6400000000000001,3.0,2.08,2.64,GJ
219,Gujarat,2020-04-11,2.22,1.6,2.88,2.0100000000000002,2.54,GJ
220,Gujarat,2020-04-12,2.15,1.57,2.7800000000000002,1.95,2.45,GJ
221,Gujarat,2020-04-13,2.13,1.55,2.69,1.92,2.39,GJ
222,Gujarat,2020-04-14,2.15,1.61,2.69,1.97,2.42,GJ
223,Gujarat,2020-04-15,2.25,1.74,2.7600000000000002,2.06,2.48,GJ
224,Gujarat,2020-04-16,2.23,1.77,2.73,2.08,2.48,GJ
225,Gujarat,2020-04-17,2.19,1.76,2.67,2.0100000000000002,2.38,GJ
226,Gujarat,2020-04-18,2.08,1.6600000000000001,2.52,1.95,2.31,GJ
227,Gujarat,2020-04-19,1.8900000000000001,1.5,2.33,1.74,2.08,GJ
228,Gujarat,2020-04-20,1.68,1.3,2.11,1.53,1.86,GJ
229,Gujarat,2020-04-21,1.49,1.1,1.8900000000000001,1.37,1.7,GJ
230,Gujarat,2020-04-22,1.34,0.96,1.75,1.21,1.54,GJ
231,Gujarat,2020-04-23,1.2,0.8200000000000001,1.61,1.08,1.41,GJ
232,Gujarat,2020-04-24,1.09,0.71,1.51,0.96,1.29,GJ
233,Gujarat,2020-04-25,1.1300000000000001,0.75,1.55,0.99,1.32,GJ
234,Gujarat,2020-04-26,1.16,0.78,1.58,1.03,1.36,GJ
235,Gujarat,2020-04-27,1.21,0.8300000000000001,1.62,1.09,1.42,GJ
236,Gujarat,2020-04-28,1.27,0.89,1.67,1.12,1.44,GJ
237,Gujarat,2020-04-29,1.33,0.97,1.74,1.21,1.53,GJ
238,Gujarat,2020-04-30,1.35,0.97,1.72,1.21,1.52,GJ
239,Gujarat,2020-05-01,1.3900000000000001,1.04,1.78,1.28,1.59,GJ
240,Gujarat,2020-05-02,1.3900000000000001,1.05,1.78,1.27,1.57,GJ
241,Gujarat,2020-05-03,1.37,1.02,1.73,1.26,1.56,GJ
242,Gujarat,2020-05-04,1.31,0.96,1.6600000000000001,1.19,1.48,GJ
243,Gujarat,2020-05-05,1.26,0.93,1.6300000000000001,1.1500000000000001,1.44,GJ
244,Gujarat,2020-05-06,1.22,0.88,1.57,1.12,1.41,GJ
245,Haryana,2020-03-14,3.0,1.01,6.99,2.04,4.45,HR
246,Haryana,2020-03-15,2.37,0.87,4.89,1.7,3.37,HR
247,Haryana,2020-03-16,2.25,0.8200000000000001,4.45,1.67,3.19,HR
248,Haryana,2020-03-17,2.0,0.72,3.97,1.44,2.79,HR
249,Haryana,2020-03-18,1.96,0.7000000000000001,3.86,1.4000000000000001,2.71,HR
250,Haryana,2020-03-19,1.8,0.6,3.59,1.31,2.5500000000000003,HR
251,Haryana,2020-03-20,1.92,0.62,3.69,1.42,2.7,HR
252,Haryana,2020-03-21,1.8900000000000001,0.62,3.64,1.35,2.6,HR
253,Haryana,2020-03-22,1.86,0.58,3.5500000000000003,1.33,2.56,HR
254,Haryana,2020-03-23,1.84,0.56,3.49,1.36,2.58,HR
255,Haryana,2020-03-24,1.81,0.55,3.45,1.29,2.49,HR
256,Haryana,2020-03-25,1.79,0.52,3.39,1.28,2.47,HR
257,Haryana,2020-03-26,1.77,0.48,3.3200000000000003,1.26,2.44,HR
258,Haryana,2020-03-27,1.74,0.43,3.24,1.22,2.39,HR
259,Haryana,2020-03-28,1.72,0.42,3.21,1.25,2.42,HR
260,Haryana,2020-03-29,1.7,0.4,3.17,1.2,2.36,HR
261,Haryana,2020-03-30,1.79,0.45,3.25,1.3,2.47,HR
262,Haryana,2020-03-31,1.97,0.61,3.44,1.44,2.61,HR
263,Haryana,2020-04-01,1.99,0.65,3.41,1.48,2.62,HR
264,Haryana,2020-04-02,2.1,0.8,3.49,1.62,2.73,HR
265,Haryana,2020-04-03,2.25,0.99,3.5700000000000003,1.76,2.82,HR
266,Haryana,2020-04-04,2.31,1.1300000000000001,3.56,1.87,2.87,HR
267,Haryana,2020-04-05,2.25,1.1300000000000001,3.4,1.87,2.81,HR
268,Haryana,2020-04-06,2.12,1.1,3.24,1.75,2.63,HR
269,Haryana,2020-04-07,1.9100000000000001,0.91,2.94,1.57,2.41,HR
270,Haryana,2020-04-08,1.8,0.84,2.8000000000000003,1.48,2.29,HR
271,Haryana,2020-04-09,1.57,0.63,2.54,1.25,2.04,HR
272,Haryana,2020-04-10,1.42,0.49,2.37,1.1,1.8800000000000001,HR
273,Haryana,2020-04-11,1.3,0.38,2.24,0.92,1.69,HR
274,Haryana,2020-04-12,1.18,0.27,2.1,0.87,1.6500000000000001,HR
275,Haryana,2020-04-13,1.12,0.2,2.0100000000000002,0.77,1.55,HR
276,Haryana,2020-04-14,1.17,0.19,2.0300000000000002,0.8,1.59,HR
277,Haryana,2020-04-15,1.21,0.24,2.11,0.86,1.6600000000000001,HR
278,Haryana,2020-04-16,1.19,0.24,2.11,0.8300000000000001,1.6300000000000001,HR
279,Haryana,2020-04-17,1.18,0.24,2.11,0.8,1.6,HR
280,Haryana,2020-04-18,1.17,0.2,2.06,0.84,1.6500000000000001,HR
281,Haryana,2020-04-19,1.1500000000000001,0.21,2.07,0.8200000000000001,1.6300000000000001,HR
282,Haryana,2020-04-20,1.1400000000000001,0.18,2.0300000000000002,0.8,1.61,HR
283,Haryana,2020-04-21,1.1300000000000001,0.19,2.04,0.78,1.59,HR
284,Haryana,2020-04-22,1.07,0.14,1.95,0.73,1.54,HR
285,Haryana,2020-04-23,1.06,0.13,1.94,0.7000000000000001,1.51,HR
286,Haryana,2020-04-24,1.05,0.13,1.94,0.67,1.48,HR
287,Haryana,2020-04-25,1.04,0.12,1.93,0.71,1.53,HR
288,Haryana,2020-04-26,1.09,0.16,2.0100000000000002,0.71,1.53,HR
289,Haryana,2020-04-27,1.19,0.18,2.08,0.85,1.68,HR
290,Haryana,2020-04-28,1.23,0.24,2.15,0.86,1.68,HR
291,Haryana,2020-04-29,1.46,0.5,2.46,1.12,1.93,HR
292,Haryana,2020-04-30,1.69,0.74,2.63,1.37,2.15,HR
293,Haryana,2020-05-01,1.85,0.96,2.75,1.55,2.29,HR
294,Haryana,2020-05-02,1.94,1.12,2.81,1.62,2.31,HR
295,Haryana,2020-05-03,1.94,1.17,2.7600000000000002,1.6400000000000001,2.29,HR
296,Haryana,2020-05-04,1.92,1.19,2.69,1.67,2.29,HR
297,Haryana,2020-05-05,1.81,1.12,2.5500000000000003,1.57,2.16,HR
298,Haryana,2020-05-06,1.74,1.07,2.44,1.52,2.09,HR
299,Himachal Pradesh,2020-05-05,3.0,1.01,6.99,2.04,4.45,HP
300,Himachal Pradesh,2020-05-06,2.88,0.99,6.28,1.99,4.16,HP
301,India,2020-03-14,3.0,1.01,6.99,2.04,4.45,India
302,India,2020-03-15,1.58,0.65,2.86,1.22,2.15,India
303,India,2020-03-16,1.44,0.62,2.49,1.11,1.8900000000000001,India
304,India,2020-03-17,1.43,0.64,2.36,1.1500000000000001,1.87,India
305,India,2020-03-18,1.46,0.6900000000000001,2.31,1.16,1.83,India
306,India,2020-03-19,1.57,0.8200000000000001,2.36,1.31,1.95,India
307,India,2020-03-20,1.6600000000000001,0.96,2.42,1.3900000000000001,1.99,India
308,India,2020-03-21,1.78,1.1300000000000001,2.5100000000000002,1.55,2.12,India
309,India,2020-03-22,1.77,1.1300000000000001,2.42,1.52,2.05,India
310,India,2020-03-23,1.81,1.23,2.46,1.62,2.13,India
311,India,2020-03-24,1.82,1.24,2.4,1.61,2.09,India
312,India,2020-03-25,1.75,1.2,2.31,1.56,2.02,India
313,India,2020-03-26,1.77,1.25,2.32,1.58,2.02,India
314,India,2020-03-27,1.8800000000000001,1.37,2.39,1.69,2.11,India
315,India,2020-03-28,2.05,1.58,2.5500000000000003,1.8800000000000001,2.2800000000000002,India
316,India,2020-03-29,2.25,1.81,2.72,2.11,2.49,India
317,India,2020-03-30,2.39,1.99,2.84,2.25,2.6,India
318,India,2020-03-31,2.43,2.05,2.83,2.2800000000000002,2.6,India
319,India,2020-04-01,2.36,2.0100000000000002,2.74,2.23,2.5300000000000002,India
320,India,2020-04-02,2.19,1.86,2.5500000000000003,2.05,2.33,India
321,India,2020-04-03,2.02,1.71,2.37,1.9000000000000001,2.17,India
322,India,2020-04-04,1.81,1.49,2.12,1.7,1.96,India
323,India,2020-04-05,1.68,1.3800000000000001,2.0,1.58,1.84,India
324,India,2020-04-06,1.58,1.29,1.9000000000000001,1.47,1.72,India
325,India,2020-04-07,1.52,1.24,1.84,1.43,1.68,India
326,India,2020-04-08,1.46,1.19,1.78,1.36,1.6,India
327,India,2020-04-09,1.54,1.26,1.83,1.46,1.7,India
328,India,2020-04-10,1.55,1.29,1.85,1.46,1.69,India
329,India,2020-04-11,1.52,1.25,1.79,1.44,1.67,India
330,India,2020-04-12,1.48,1.22,1.75,1.3900000000000001,1.61,India
331,India,2020-04-13,1.3900000000000001,1.1300000000000001,1.6500000000000001,1.31,1.53,India
332,India,2020-04-14,1.35,1.11,1.6300000000000001,1.25,1.46,India
333,India,2020-04-15,1.3800000000000001,1.1400000000000001,1.6500000000000001,1.29,1.5,India
334,India,2020-04-16,1.36,1.12,1.62,1.28,1.49,India
335,India,2020-04-17,1.41,1.18,1.67,1.32,1.52,India
336,India,2020-04-18,1.33,1.1,1.58,1.25,1.45,India
337,India,2020-04-19,1.37,1.1400000000000001,1.61,1.31,1.51,India
338,India,2020-04-20,1.35,1.12,1.58,1.26,1.45,India
339,India,2020-04-21,1.34,1.1300000000000001,1.59,1.27,1.46,India
340,India,2020-04-22,1.31,1.1,1.55,1.25,1.44,India
341,India,2020-04-23,1.22,0.99,1.43,1.16,1.35,India
342,India,2020-04-24,1.2,0.99,1.43,1.12,1.3,India
343,India,2020-04-25,1.21,1.01,1.45,1.1400000000000001,1.32,India
344,India,2020-04-26,1.18,0.97,1.4000000000000001,1.11,1.29,India
345,India,2020-04-27,1.28,1.08,1.51,1.21,1.3900000000000001,India
346,India,2020-04-28,1.32,1.12,1.54,1.26,1.44,India
347,India,2020-04-29,1.45,1.26,1.67,1.3800000000000001,1.55,India
348,India,2020-04-30,1.58,1.4000000000000001,1.8,1.53,1.7,India
349,India,2020-05-01,1.61,1.42,1.8,1.55,1.71,India
350,India,2020-05-02,1.6600000000000001,1.48,1.85,1.58,1.73,India
351,India,2020-05-03,1.53,1.36,1.72,1.47,1.62,India
352,India,2020-05-04,1.46,1.29,1.6400000000000001,1.41,1.56,India
353,India,2020-05-05,1.3900000000000001,1.21,1.55,1.32,1.46,India
354,India,2020-05-06,1.28,1.12,1.46,1.22,1.36,India
355,Jammu and Kashmir,2020-03-21,3.0,1.01,6.99,2.04,4.45,JK
356,Jammu and Kashmir,2020-03-22,2.88,0.99,6.28,1.99,4.16,JK
357,Jammu and Kashmir,2020-03-23,3.14,1.1300000000000001,6.42,2.2,4.4,JK
358,Jammu and Kashmir,2020-03-24,3.25,1.28,6.18,2.39,4.45,JK
359,Jammu and Kashmir,2020-03-25,3.21,1.34,5.75,2.44,4.3,JK
360,Jammu and Kashmir,2020-03-26,3.1,1.35,5.3100000000000005,2.42,4.09,JK
361,Jammu and Kashmir,2020-03-27,2.96,1.34,4.92,2.3000000000000003,3.8000000000000003,JK
362,Jammu and Kashmir,2020-03-28,2.81,1.27,4.53,2.15,3.5100000000000002,JK
363,Jammu and Kashmir,2020-03-29,2.5500000000000003,1.19,4.17,2.0100000000000002,3.25,JK
364,Jammu and Kashmir,2020-03-30,2.47,1.1500000000000001,3.95,1.9100000000000001,3.0700000000000003,JK
365,Jammu and Kashmir,2020-03-31,2.29,1.06,3.69,1.82,2.91,JK
366,Jammu and Kashmir,2020-04-01,2.24,1.03,3.54,1.78,2.82,JK
367,Jammu and Kashmir,2020-04-02,2.1,0.97,3.37,1.6600000000000001,2.65,JK
368,Jammu and Kashmir,2020-04-03,2.07,0.92,3.23,1.67,2.63,JK
369,Jammu and Kashmir,2020-04-04,2.02,0.96,3.2,1.61,2.5300000000000002,JK
370,Jammu and Kashmir,2020-04-05,2.1,1.06,3.22,1.71,2.6,JK
371,Jammu and Kashmir,2020-04-06,2.08,1.09,3.16,1.7,2.5500000000000003,JK
372,Jammu and Kashmir,2020-04-07,2.05,1.09,3.0700000000000003,1.6500000000000001,2.46,JK
373,Jammu and Kashmir,2020-04-08,2.0,1.07,2.96,1.67,2.45,JK
374,Jammu and Kashmir,2020-04-09,1.9100000000000001,1.04,2.86,1.6,2.35,JK
375,Jammu and Kashmir,2020-04-10,1.79,0.9500000000000001,2.71,1.46,2.18,JK
376,Jammu and Kashmir,2020-04-11,1.7,0.86,2.57,1.37,2.07,JK
377,Jammu and Kashmir,2020-04-12,1.62,0.78,2.45,1.33,2.02,JK
378,Jammu and Kashmir,2020-04-13,1.48,0.67,2.32,1.19,1.87,JK
379,Jammu and Kashmir,2020-04-14,1.36,0.56,2.2,1.02,1.69,JK
380,Jammu and Kashmir,2020-04-15,1.29,0.5,2.14,0.96,1.6300000000000001,JK
381,Jammu and Kashmir,2020-04-16,1.27,0.47000000000000003,2.11,1.0,1.68,JK
382,Jammu and Kashmir,2020-04-17,1.21,0.42,2.06,0.93,1.61,JK
383,Jammu and Kashmir,2020-04-18,1.19,0.38,2.02,0.9,1.58,JK
384,Jammu and Kashmir,2020-04-19,1.21,0.41000000000000003,2.06,0.91,1.59,JK
385,Jammu and Kashmir,2020-04-20,1.23,0.42,2.07,0.92,1.6,JK
386,Jammu and Kashmir,2020-04-21,1.28,0.48,2.13,0.99,1.67,JK
387,Jammu and Kashmir,2020-04-22,1.36,0.5700000000000001,2.21,1.05,1.72,JK
388,Jammu and Kashmir,2020-04-23,1.3800000000000001,0.59,2.2,1.09,1.75,JK
389,Jammu and Kashmir,2020-04-24,1.37,0.5700000000000001,2.15,1.09,1.74,JK
390,Jammu and Kashmir,2020-04-25,1.33,0.56,2.12,1.04,1.68,JK
391,Jammu and Kashmir,2020-04-26,1.32,0.56,2.1,1.02,1.6500000000000001,JK
392,Jammu and Kashmir,2020-04-27,1.28,0.55,2.08,1.03,1.6600000000000001,JK
393,Jammu and Kashmir,2020-04-28,1.22,0.47000000000000003,1.98,0.9400000000000001,1.56,JK
394,Jammu and Kashmir,2020-04-29,1.23,0.47000000000000003,1.97,0.97,1.59,JK
395,Jammu and Kashmir,2020-04-30,1.17,0.41000000000000003,1.9000000000000001,0.92,1.54,JK
396,Jammu and Kashmir,2020-05-01,1.1500000000000001,0.42,1.9100000000000001,0.91,1.53,JK
397,Jammu and Kashmir,2020-05-02,1.16,0.44,1.93,0.88,1.49,JK
398,Jammu and Kashmir,2020-05-03,1.17,0.44,1.92,0.91,1.52,JK
399,Jammu and Kashmir,2020-05-04,1.1500000000000001,0.41000000000000003,1.8800000000000001,0.9,1.51,JK
400,Jammu and Kashmir,2020-05-05,1.1400000000000001,0.42,1.8900000000000001,0.9,1.51,JK
401,Jammu and Kashmir,2020-05-06,1.12,0.39,1.85,0.8200000000000001,1.42,JK
402,Jharkhand,2020-04-05,3.0,1.01,6.99,2.04,4.45,JH
403,Jharkhand,2020-04-06,2.88,0.99,6.28,1.99,4.16,JH
404,Jharkhand,2020-04-07,3.14,1.1300000000000001,6.42,2.2,4.4,JH
405,Jharkhand,2020-04-08,2.91,1.06,5.67,2.1,4.03,JH
406,Jharkhand,2020-04-09,3.02,1.21,5.63,2.27,4.13,JH
407,Jharkhand,2020-04-10,2.7800000000000002,1.12,5.08,2.07,3.73,JH
408,Jharkhand,2020-04-11,2.61,1.05,4.71,1.94,3.47,JH
409,Jharkhand,2020-04-12,2.48,0.9500000000000001,4.39,1.87,3.31,JH
410,Jharkhand,2020-04-13,2.37,0.89,4.17,1.78,3.15,JH
411,Jharkhand,2020-04-14,2.14,0.77,3.87,1.59,2.88,JH
412,Jharkhand,2020-04-15,2.23,0.81,3.91,1.67,2.96,JH
413,Jharkhand,2020-04-16,2.16,0.81,3.83,1.59,2.84,JH
414,Jharkhand,2020-04-17,2.1,0.72,3.66,1.55,2.77,JH
415,Jharkhand,2020-04-18,2.04,0.68,3.56,1.55,2.75,JH
416,Jharkhand,2020-04-19,1.99,0.65,3.48,1.43,2.6,JH
417,Jharkhand,2020-04-20,1.94,0.64,3.43,1.47,2.63,JH
418,Jharkhand,2020-04-21,2.0,0.71,3.49,1.51,2.66,JH
419,Jharkhand,2020-04-22,2.04,0.76,3.5,1.55,2.68,JH
420,Jharkhand,2020-04-23,2.16,0.89,3.58,1.69,2.8000000000000003,JH
421,Jharkhand,2020-04-24,2.05,0.8,3.38,1.54,2.6,JH
422,Jharkhand,2020-04-25,2.04,0.81,3.31,1.58,2.61,JH
423,Jharkhand,2020-04-26,2.02,0.84,3.2600000000000002,1.6,2.6,JH
424,Jharkhand,2020-04-27,1.84,0.71,3.0500000000000003,1.4000000000000001,2.36,JH
425,Jharkhand,2020-04-28,1.7,0.58,2.86,1.28,2.22,JH
426,Jharkhand,2020-04-29,1.59,0.48,2.72,1.19,2.12,JH
427,Jharkhand,2020-04-30,1.49,0.36,2.56,1.07,1.99,JH
428,Jharkhand,2020-05-01,1.4000000000000001,0.3,2.47,0.99,1.9100000000000001,JH
429,Jharkhand,2020-05-02,1.24,0.17,2.2600000000000002,0.85,1.77,JH
430,Jharkhand,2020-05-03,1.31,0.22,2.37,0.85,1.78,JH
431,Jharkhand,2020-05-04,1.3,0.2,2.35,0.87,1.81,JH
432,Jharkhand,2020-05-05,1.28,0.18,2.33,0.88,1.83,JH
433,Jharkhand,2020-05-06,1.27,0.16,2.31,0.8200000000000001,1.77,JH
434,Karnataka,2020-03-14,3.0,1.01,6.99,2.04,4.45,KA
435,Karnataka,2020-03-15,2.42,0.88,5.1000000000000005,1.76,3.5100000000000002,KA
436,Karnataka,2020-03-16,2.33,0.84,4.73,1.7,3.3200000000000003,KA
437,Karnataka,2020-03-17,2.2600000000000002,0.79,4.45,1.6600000000000001,3.19,KA
438,Karnataka,2020-03-18,2.38,0.86,4.5,1.71,3.23,KA
439,Karnataka,2020-03-19,2.27,0.8300000000000001,4.24,1.71,3.14,KA
440,Karnataka,2020-03-20,2.34,0.87,4.2,1.71,3.1,KA
441,Karnataka,2020-03-21,2.37,0.97,4.18,1.81,3.15,KA
442,Karnataka,2020-03-22,2.23,0.86,3.86,1.68,2.93,KA
443,Karnataka,2020-03-23,2.24,0.93,3.83,1.6600000000000001,2.86,KA
444,Karnataka,2020-03-24,2.22,0.9500000000000001,3.73,1.7,2.85,KA
445,Karnataka,2020-03-25,2.19,0.93,3.58,1.72,2.82,KA
446,Karnataka,2020-03-26,2.06,0.86,3.38,1.57,2.61,KA
447,Karnataka,2020-03-27,1.96,0.79,3.21,1.52,2.52,KA
448,Karnataka,2020-03-28,1.95,0.8,3.15,1.52,2.49,KA
449,Karnataka,2020-03-29,1.86,0.77,3.0500000000000003,1.45,2.39,KA
450,Karnataka,2020-03-30,1.78,0.72,2.94,1.35,2.2600000000000002,KA
451,Karnataka,2020-03-31,1.78,0.72,2.89,1.35,2.24,KA
452,Karnataka,2020-04-01,1.71,0.67,2.79,1.3,2.17,KA
453,Karnataka,2020-04-02,1.6500000000000001,0.63,2.71,1.29,2.15,KA
454,Karnataka,2020-04-03,1.59,0.61,2.66,1.2,2.04,KA
455,Karnataka,2020-04-04,1.55,0.56,2.58,1.17,2.0,KA
456,Karnataka,2020-04-05,1.56,0.59,2.59,1.19,2.0100000000000002,KA
457,Karnataka,2020-04-06,1.51,0.55,2.52,1.1500000000000001,1.96,KA
458,Karnataka,2020-04-07,1.42,0.46,2.4,1.05,1.85,KA
459,Karnataka,2020-04-08,1.44,0.48,2.41,1.1,1.9000000000000001,KA
460,Karnataka,2020-04-09,1.4000000000000001,0.44,2.35,1.05,1.84,KA
461,Karnataka,2020-04-10,1.42,0.48,2.38,1.1,1.8900000000000001,KA
462,Karnataka,2020-04-11,1.43,0.48,2.36,1.11,1.8900000000000001,KA
463,Karnataka,2020-04-12,1.48,0.56,2.42,1.17,1.94,KA
464,Karnataka,2020-04-13,1.56,0.68,2.5100000000000002,1.24,1.99,KA
465,Karnataka,2020-04-14,1.58,0.71,2.49,1.26,1.99,KA
466,Karnataka,2020-04-15,1.59,0.74,2.47,1.28,1.99,KA
467,Karnataka,2020-04-16,1.56,0.74,2.43,1.24,1.93,KA
468,Karnataka,2020-04-17,1.49,0.68,2.33,1.21,1.8900000000000001,KA
469,Karnataka,2020-04-18,1.4000000000000001,0.6,2.22,1.1300000000000001,1.8,KA
470,Karnataka,2020-04-19,1.29,0.47000000000000003,2.07,1.0,1.6600000000000001,KA
471,Karnataka,2020-04-20,1.23,0.45,2.05,0.9500000000000001,1.61,KA
472,Karnataka,2020-04-21,1.17,0.39,1.98,0.89,1.55,KA
473,Karnataka,2020-04-22,1.09,0.31,1.8900000000000001,0.8,1.46,KA
474,Karnataka,2020-04-23,1.08,0.27,1.85,0.74,1.4000000000000001,KA
475,Karnataka,2020-04-24,1.07,0.28,1.87,0.79,1.46,KA
476,Karnataka,2020-04-25,1.03,0.24,1.82,0.73,1.4000000000000001,KA
477,Karnataka,2020-04-26,1.06,0.27,1.87,0.79,1.47,KA
478,Karnataka,2020-04-27,1.05,0.25,1.85,0.77,1.45,KA
479,Karnataka,2020-04-28,1.05,0.25,1.85,0.75,1.43,KA
480,Karnataka,2020-04-29,1.04,0.24,1.84,0.73,1.41,KA
481,Karnataka,2020-04-30,1.07,0.25,1.86,0.75,1.43,KA
482,Karnataka,2020-05-01,1.1400000000000001,0.32,1.95,0.8200000000000001,1.5,KA
483,Karnataka,2020-05-02,1.19,0.37,2.0,0.91,1.59,KA
484,Karnataka,2020-05-03,1.17,0.35000000000000003,1.96,0.88,1.55,KA
485,Karnataka,2020-05-04,1.18,0.37,1.97,0.85,1.51,KA
486,Karnataka,2020-05-05,1.16,0.38,1.97,0.89,1.55,KA
487,Karnataka,2020-05-06,1.1500000000000001,0.34,1.9100000000000001,0.8300000000000001,1.48,KA
488,Kerala,2020-03-14,3.0,1.01,6.99,2.04,4.45,KL
489,Kerala,2020-03-15,2.25,0.86,4.46,1.59,3.09,KL
490,Kerala,2020-03-16,1.94,0.68,3.7,1.3800000000000001,2.64,KL
491,Kerala,2020-03-17,1.86,0.68,3.5100000000000002,1.35,2.5300000000000002,KL
492,Kerala,2020-03-18,1.9000000000000001,0.71,3.47,1.3900000000000001,2.54,KL
493,Kerala,2020-03-19,1.93,0.74,3.41,1.3900000000000001,2.5,KL
494,Kerala,2020-03-20,2.0300000000000002,0.85,3.46,1.58,2.67,KL
495,Kerala,2020-03-21,2.08,0.92,3.42,1.6300000000000001,2.67,KL
496,Kerala,2020-03-22,2.09,0.9500000000000001,3.3200000000000003,1.7,2.69,KL
497,Kerala,2020-03-23,2.15,1.06,3.31,1.73,2.66,KL
498,Kerala,2020-03-24,2.1,1.1,3.22,1.68,2.5500000000000003,KL
499,Kerala,2020-03-25,1.94,0.97,2.96,1.57,2.39,KL
500,Kerala,2020-03-26,1.9100000000000001,1.01,2.92,1.59,2.38,KL
501,Kerala,2020-03-27,1.79,0.92,2.75,1.45,2.2,KL
502,Kerala,2020-03-28,1.69,0.84,2.61,1.3900000000000001,2.12,KL
503,Kerala,2020-03-29,1.61,0.76,2.48,1.31,2.02,KL
504,Kerala,2020-03-30,1.54,0.72,2.41,1.27,1.97,KL
505,Kerala,2020-03-31,1.45,0.62,2.2800000000000002,1.11,1.79,KL
506,Kerala,2020-04-01,1.33,0.53,2.18,1.04,1.72,KL
507,Kerala,2020-04-02,1.27,0.45,2.09,0.99,1.67,KL
508,Kerala,2020-04-03,1.17,0.33,1.96,0.88,1.56,KL
509,Kerala,2020-04-04,1.09,0.26,1.8800000000000001,0.77,1.45,KL
510,Kerala,2020-04-05,1.08,0.24,1.87,0.78,1.47,KL
511,Kerala,2020-04-06,1.03,0.23,1.86,0.75,1.45,KL
512,Kerala,2020-04-07,0.99,0.15,1.76,0.67,1.37,KL
513,Kerala,2020-04-08,0.9500000000000001,0.13,1.73,0.65,1.36,KL
514,Kerala,2020-04-09,0.9500000000000001,0.12,1.73,0.64,1.36,KL
515,Kerala,2020-04-10,0.9,0.09,1.68,0.58,1.3,KL
516,Kerala,2020-04-11,0.85,0.07,1.6400000000000001,0.51,1.23,KL
517,Kerala,2020-04-12,0.8,0.06,1.61,0.46,1.18,KL
518,Kerala,2020-04-13,0.73,0.02,1.54,0.44,1.16,KL
519,Kerala,2020-04-14,0.73,0.03,1.57,0.35000000000000003,1.07,KL
520,Kerala,2020-04-15,0.64,0.01,1.52,0.32,1.03,KL
521,Kerala,2020-04-16,0.63,0.01,1.54,0.33,1.05,KL
522,Kerala,2020-04-17,0.71,0.04,1.6400000000000001,0.39,1.1400000000000001,KL
523,Kerala,2020-04-18,0.79,0.05,1.71,0.47000000000000003,1.25,KL
524,Kerala,2020-04-19,0.86,0.05,1.76,0.53,1.33,KL
525,Kerala,2020-04-20,0.86,0.03,1.74,0.52,1.32,KL
526,Kerala,2020-04-21,0.93,0.07,1.83,0.54,1.35,KL
527,Kerala,2020-04-22,1.0,0.09,1.8900000000000001,0.61,1.43,KL
528,Kerala,2020-04-23,0.99,0.09,1.8800000000000001,0.65,1.47,KL
529,Kerala,2020-04-24,0.99,0.08,1.86,0.6,1.41,KL
530,Kerala,2020-04-25,0.98,0.11,1.8900000000000001,0.63,1.44,KL
531,Kerala,2020-04-26,0.92,0.09,1.82,0.58,1.3800000000000001,KL
532,Kerala,2020-04-27,0.85,0.05,1.73,0.46,1.24,KL
533,Kerala,2020-04-28,0.85,0.03,1.71,0.52,1.31,KL
534,Kerala,2020-04-29,0.78,0.03,1.67,0.42,1.19,KL
535,Kerala,2020-04-30,0.6,0.0,1.55,0.31,1.04,KL
536,Kerala,2020-05-01,0.46,0.01,1.53,0.27,0.98,KL
537,Kerala,2020-05-02,0.36,0.01,1.5,0.2,0.88,KL
538,Kerala,2020-05-03,0.36,0.01,1.52,0.22,0.91,KL
539,Kerala,2020-05-04,0.32,0.01,1.49,0.17,0.8300000000000001,KL
540,Kerala,2020-05-05,0.33,0.01,1.51,0.19,0.86,KL
541,Kerala,2020-05-06,0.33,0.01,1.53,0.15,0.8200000000000001,KL
542,Madhya Pradesh,2020-03-18,3.0,1.01,6.99,2.04,4.45,MP
543,Madhya Pradesh,2020-03-19,2.88,0.99,6.28,1.99,4.16,MP
544,Madhya Pradesh,2020-03-20,2.7800000000000002,0.9400000000000001,5.8100000000000005,2.0,4.0200000000000005,MP
545,Madhya Pradesh,2020-03-21,2.7,0.97,5.5600000000000005,1.87,3.77,MP
546,Madhya Pradesh,2020-03-22,2.92,1.07,5.71,2.12,4.0600000000000005,MP
547,Madhya Pradesh,2020-03-23,3.0300000000000002,1.2,5.64,2.19,4.05,MP
548,Madhya Pradesh,2020-03-24,3.0300000000000002,1.22,5.33,2.3000000000000003,4.03,MP
549,Madhya Pradesh,2020-03-25,2.7600000000000002,1.12,4.8,2.06,3.6,MP
550,Madhya Pradesh,2020-03-26,2.74,1.17,4.64,2.1,3.5500000000000003,MP
551,Madhya Pradesh,2020-03-27,2.83,1.29,4.58,2.18,3.5500000000000003,MP
552,Madhya Pradesh,2020-03-28,2.82,1.36,4.41,2.2600000000000002,3.5300000000000002,MP
553,Madhya Pradesh,2020-03-29,2.75,1.41,4.22,2.27,3.44,MP
554,Madhya Pradesh,2020-03-30,2.74,1.48,4.07,2.25,3.3200000000000003,MP
555,Madhya Pradesh,2020-03-31,2.67,1.52,3.9,2.22,3.2,MP
556,Madhya Pradesh,2020-04-01,2.57,1.51,3.7,2.16,3.06,MP
557,Madhya Pradesh,2020-04-02,2.5100000000000002,1.52,3.54,2.13,2.96,MP
558,Madhya Pradesh,2020-04-03,2.43,1.51,3.38,2.09,2.86,MP
559,Madhya Pradesh,2020-04-04,2.33,1.46,3.2,2.0300000000000002,2.75,MP
560,Madhya Pradesh,2020-04-05,2.27,1.47,3.1,1.97,2.64,MP
561,Madhya Pradesh,2020-04-06,2.14,1.3900000000000001,2.93,1.83,2.46,MP
562,Madhya Pradesh,2020-04-07,2.11,1.4000000000000001,2.86,1.84,2.44,MP
563,Madhya Pradesh,2020-04-08,1.96,1.27,2.66,1.69,2.2600000000000002,MP
564,Madhya Pradesh,2020-04-09,1.86,1.21,2.5500000000000003,1.62,2.17,MP
565,Madhya Pradesh,2020-04-10,1.87,1.23,2.52,1.6300000000000001,2.16,MP
566,Madhya Pradesh,2020-04-11,1.94,1.32,2.56,1.71,2.22,MP
567,Madhya Pradesh,2020-04-12,2.09,1.5,2.68,1.8900000000000001,2.38,MP
568,Madhya Pradesh,2020-04-13,2.11,1.57,2.69,1.9100000000000001,2.37,MP
569,Madhya Pradesh,2020-04-14,2.04,1.52,2.58,1.87,2.31,MP
570,Madhya Pradesh,2020-04-15,1.87,1.3900000000000001,2.41,1.7,2.12,MP
571,Madhya Pradesh,2020-04-16,1.68,1.21,2.2,1.52,1.93,MP
572,Madhya Pradesh,2020-04-17,1.49,1.01,1.98,1.31,1.71,MP
573,Madhya Pradesh,2020-04-18,1.23,0.77,1.74,1.07,1.47,MP
574,Madhya Pradesh,2020-04-19,1.01,0.53,1.51,0.86,1.27,MP
575,Madhya Pradesh,2020-04-20,0.89,0.4,1.4000000000000001,0.7000000000000001,1.11,MP
576,Madhya Pradesh,2020-04-21,0.81,0.31,1.33,0.62,1.04,MP
577,Madhya Pradesh,2020-04-22,0.91,0.41000000000000003,1.46,0.72,1.1500000000000001,MP
578,Madhya Pradesh,2020-04-23,1.03,0.51,1.56,0.8200000000000001,1.25,MP
579,Madhya Pradesh,2020-04-24,1.27,0.76,1.8,1.09,1.52,MP
580,Madhya Pradesh,2020-04-25,1.3900000000000001,0.9,1.92,1.21,1.6300000000000001,MP
581,Madhya Pradesh,2020-04-26,1.37,0.89,1.8800000000000001,1.21,1.62,MP
582,Madhya Pradesh,2020-04-27,1.35,0.88,1.85,1.18,1.58,MP
583,Madhya Pradesh,2020-04-28,1.23,0.78,1.74,1.09,1.49,MP
584,Madhya Pradesh,2020-04-29,1.06,0.61,1.57,0.92,1.32,MP
585,Madhya Pradesh,2020-04-30,0.98,0.5,1.46,0.8200000000000001,1.22,MP
586,Madhya Pradesh,2020-05-01,0.87,0.38,1.35,0.6900000000000001,1.09,MP
587,Madhya Pradesh,2020-05-02,0.8300000000000001,0.35000000000000003,1.34,0.67,1.08,MP
588,Madhya Pradesh,2020-05-03,0.73,0.25,1.25,0.5700000000000001,0.99,MP
589,Madhya Pradesh,2020-05-04,0.72,0.22,1.23,0.51,0.93,MP
590,Madhya Pradesh,2020-05-05,0.81,0.29,1.33,0.62,1.05,MP
591,Madhya Pradesh,2020-05-06,0.87,0.35000000000000003,1.4000000000000001,0.65,1.08,MP
592,Maharashtra,2020-03-14,3.0,1.01,6.99,2.04,4.45,MH
593,Maharashtra,2020-03-15,2.15,0.81,4.12,1.59,2.98,MH
594,Maharashtra,2020-03-16,1.84,0.72,3.48,1.33,2.48,MH
595,Maharashtra,2020-03-17,1.6600000000000001,0.61,3.1,1.24,2.2800000000000002,MH
596,Maharashtra,2020-03-18,1.61,0.59,2.98,1.16,2.15,MH
597,Maharashtra,2020-03-19,1.6400000000000001,0.62,2.97,1.26,2.24,MH
598,Maharashtra,2020-03-20,1.59,0.58,2.85,1.18,2.12,MH
599,Maharashtra,2020-03-21,1.68,0.64,2.89,1.25,2.18,MH
600,Maharashtra,2020-03-22,1.62,0.6,2.77,1.24,2.14,MH
601,Maharashtra,2020-03-23,1.75,0.75,2.9,1.3800000000000001,2.27,MH
602,Maharashtra,2020-03-24,1.78,0.81,2.89,1.43,2.29,MH
603,Maharashtra,2020-03-25,1.74,0.8,2.8000000000000003,1.37,2.19,MH
604,Maharashtra,2020-03-26,1.7,0.79,2.72,1.33,2.12,MH
605,Maharashtra,2020-03-27,1.9000000000000001,0.98,2.84,1.58,2.35,MH
606,Maharashtra,2020-03-28,1.8900000000000001,1.01,2.7800000000000002,1.57,2.3000000000000003,MH
607,Maharashtra,2020-03-29,2.02,1.21,2.9,1.69,2.38,MH
608,Maharashtra,2020-03-30,2.08,1.32,2.91,1.77,2.42,MH
609,Maharashtra,2020-03-31,2.2600000000000002,1.53,3.0100000000000002,2.0,2.61,MH
610,Maharashtra,2020-04-01,2.2800000000000002,1.62,3.0,2.05,2.62,MH
611,Maharashtra,2020-04-02,2.2600000000000002,1.6400000000000001,2.92,2.05,2.58,MH
612,Maharashtra,2020-04-03,2.2600000000000002,1.6500000000000001,2.84,2.04,2.5300000000000002,MH
613,Maharashtra,2020-04-04,2.16,1.61,2.73,1.95,2.41,MH
614,Maharashtra,2020-04-05,2.11,1.59,2.65,1.93,2.37,MH
615,Maharashtra,2020-04-06,2.06,1.58,2.59,1.9100000000000001,2.33,MH
616,Maharashtra,2020-04-07,1.95,1.47,2.43,1.8,2.2,MH
617,Maharashtra,2020-04-08,1.8900000000000001,1.45,2.38,1.71,2.09,MH
618,Maharashtra,2020-04-09,1.8800000000000001,1.43,2.32,1.73,2.1,MH
619,Maharashtra,2020-04-10,1.8800000000000001,1.46,2.32,1.75,2.11,MH
620,Maharashtra,2020-04-11,1.81,1.4000000000000001,2.23,1.6500000000000001,1.99,MH
621,Maharashtra,2020-04-12,1.73,1.35,2.16,1.58,1.9100000000000001,MH
622,Maharashtra,2020-04-13,1.56,1.19,1.98,1.45,1.78,MH
623,Maharashtra,2020-04-14,1.45,1.08,1.86,1.31,1.6300000000000001,MH
624,Maharashtra,2020-04-15,1.47,1.11,1.8800000000000001,1.35,1.67,MH
625,Maharashtra,2020-04-16,1.49,1.12,1.87,1.35,1.6600000000000001,MH
626,Maharashtra,2020-04-17,1.55,1.2,1.94,1.4000000000000001,1.7,MH
627,Maharashtra,2020-04-18,1.54,1.2,1.92,1.43,1.73,MH
628,Maharashtra,2020-04-19,1.67,1.34,2.04,1.56,1.85,MH
629,Maharashtra,2020-04-20,1.6500000000000001,1.32,1.99,1.54,1.82,MH
630,Maharashtra,2020-04-21,1.7,1.3800000000000001,2.0300000000000002,1.59,1.86,MH
631,Maharashtra,2020-04-22,1.61,1.3,1.93,1.5,1.76,MH
632,Maharashtra,2020-04-23,1.46,1.16,1.78,1.36,1.62,MH
633,Maharashtra,2020-04-24,1.35,1.05,1.6600000000000001,1.23,1.48,MH
634,Maharashtra,2020-04-25,1.27,0.98,1.59,1.16,1.41,MH
635,Maharashtra,2020-04-26,1.18,0.9,1.51,1.08,1.33,MH
636,Maharashtra,2020-04-27,1.28,0.99,1.59,1.18,1.43,MH
637,Maharashtra,2020-04-28,1.24,0.9500000000000001,1.54,1.1500000000000001,1.4000000000000001,MH
638,Maharashtra,2020-04-29,1.3,1.02,1.61,1.19,1.43,MH
639,Maharashtra,2020-04-30,1.47,1.18,1.75,1.3800000000000001,1.62,MH
640,Maharashtra,2020-05-01,1.55,1.29,1.85,1.46,1.69,MH
641,Maharashtra,2020-05-02,1.6,1.35,1.8900000000000001,1.5,1.72,MH
642,Maharashtra,2020-05-03,1.52,1.26,1.78,1.44,1.6600000000000001,MH
643,Maharashtra,2020-05-04,1.48,1.23,1.74,1.3800000000000001,1.59,MH
644,Maharashtra,2020-05-05,1.43,1.19,1.69,1.35,1.56,MH
645,Maharashtra,2020-05-06,1.3,1.07,1.57,1.23,1.44,MH
646,Odisha,2020-03-30,3.0,1.01,6.99,2.04,4.45,OR
647,Odisha,2020-03-31,3.3000000000000003,1.16,7.0200000000000005,2.2800000000000002,4.7,OR
648,Odisha,2020-04-01,3.39,1.32,6.5600000000000005,2.44,4.64,OR
649,Odisha,2020-04-02,3.3200000000000003,1.36,5.96,2.47,4.41,OR
650,Odisha,2020-04-03,3.18,1.37,5.44,2.48,4.2,OR
651,Odisha,2020-04-04,2.82,1.23,4.8,2.19,3.69,OR
652,Odisha,2020-04-05,2.75,1.25,4.57,2.16,3.5500000000000003,OR
653,Odisha,2020-04-06,2.39,1.01,4.01,1.81,3.06,OR
654,Odisha,2020-04-07,2.2600000000000002,0.97,3.83,1.75,2.94,OR
655,Odisha,2020-04-08,2.05,0.8200000000000001,3.54,1.58,2.71,OR
656,Odisha,2020-04-09,1.9000000000000001,0.68,3.31,1.41,2.5,OR
657,Odisha,2020-04-10,1.77,0.58,3.16,1.3,2.37,OR
658,Odisha,2020-04-11,1.75,0.54,3.12,1.27,2.34,OR
659,Odisha,2020-04-12,1.73,0.51,3.09,1.24,2.31,OR
660,Odisha,2020-04-13,1.71,0.47000000000000003,3.0500000000000003,1.28,2.36,OR
661,Odisha,2020-04-14,1.6,0.35000000000000003,2.89,1.1500000000000001,2.22,OR
662,Odisha,2020-04-15,1.6,0.35000000000000003,2.91,1.1300000000000001,2.21,OR
663,Odisha,2020-04-16,1.68,0.42,3.04,1.22,2.32,OR
664,Odisha,2020-04-17,1.6600000000000001,0.37,2.98,1.2,2.3000000000000003,OR
665,Odisha,2020-04-18,1.74,0.47000000000000003,3.12,1.29,2.4,OR
666,Odisha,2020-04-19,1.71,0.42,3.04,1.25,2.35,OR
667,Odisha,2020-04-20,1.77,0.49,3.12,1.32,2.42,OR
668,Odisha,2020-04-21,1.82,0.53,3.14,1.32,2.4,OR
669,Odisha,2020-04-22,1.77,0.51,3.0700000000000003,1.27,2.33,OR
670,Odisha,2020-04-23,1.8,0.56,3.09,1.36,2.41,OR
671,Odisha,2020-04-24,1.74,0.5,2.97,1.32,2.35,OR
672,Odisha,2020-04-25,1.69,0.46,2.88,1.26,2.27,OR
673,Odisha,2020-04-26,1.72,0.5,2.89,1.27,2.2600000000000002,OR
674,Odisha,2020-04-27,1.74,0.55,2.9,1.3,2.27,OR
675,Odisha,2020-04-28,1.67,0.54,2.84,1.25,2.2,OR
676,Odisha,2020-04-29,1.62,0.49,2.74,1.18,2.11,OR
677,Odisha,2020-04-30,1.57,0.46,2.67,1.18,2.1,OR
678,Odisha,2020-05-01,1.53,0.45,2.63,1.1500000000000001,2.06,OR
679,Odisha,2020-05-02,1.49,0.39,2.5300000000000002,1.04,1.93,OR
680,Odisha,2020-05-03,1.45,0.4,2.52,1.09,1.98,OR
681,Odisha,2020-05-04,1.42,0.36,2.45,1.05,1.93,OR
682,Odisha,2020-05-05,1.33,0.25,2.29,0.9400000000000001,1.81,OR
683,Odisha,2020-05-06,1.31,0.26,2.29,0.9400000000000001,1.81,OR
684,Punjab,2020-03-17,3.0,1.01,6.99,2.04,4.45,PB
685,Punjab,2020-03-18,3.3000000000000003,1.16,7.0200000000000005,2.2800000000000002,4.7,PB
686,Punjab,2020-03-19,3.0100000000000002,1.12,6.01,2.11,4.15,PB
687,Punjab,2020-03-20,3.12,1.22,5.84,2.24,4.18,PB
688,Punjab,2020-03-21,3.11,1.27,5.5,2.31,4.09,PB
689,Punjab,2020-03-22,2.81,1.1500000000000001,4.89,2.1,3.67,PB
690,Punjab,2020-03-23,2.6,1.04,4.47,1.99,3.43,PB
691,Punjab,2020-03-24,2.45,1.01,4.23,1.9000000000000001,3.25,PB
692,Punjab,2020-03-25,2.32,0.9400000000000001,4.0,1.8,3.08,PB
693,Punjab,2020-03-26,2.1,0.8,3.7,1.62,2.83,PB
694,Punjab,2020-03-27,1.94,0.66,3.46,1.4000000000000001,2.56,PB
695,Punjab,2020-03-28,1.9100000000000001,0.61,3.39,1.44,2.6,PB
696,Punjab,2020-03-29,1.8800000000000001,0.61,3.38,1.3900000000000001,2.54,PB
697,Punjab,2020-03-30,1.86,0.59,3.35,1.3,2.44,PB
698,Punjab,2020-03-31,1.94,0.65,3.43,1.43,2.58,PB
699,Punjab,2020-04-01,1.8900000000000001,0.6,3.34,1.43,2.57,PB
700,Punjab,2020-04-02,1.96,0.65,3.38,1.46,2.59,PB
701,Punjab,2020-04-03,2.1,0.79,3.5,1.61,2.73,PB
702,Punjab,2020-04-04,2.09,0.8300000000000001,3.46,1.56,2.64,PB
703,Punjab,2020-04-05,2.17,0.9500000000000001,3.5,1.72,2.77,PB
704,Punjab,2020-04-06,2.27,1.1,3.54,1.8,2.8000000000000003,PB
705,Punjab,2020-04-07,2.18,1.06,3.37,1.77,2.72,PB
706,Punjab,2020-04-08,2.09,1.03,3.23,1.67,2.57,PB
707,Punjab,2020-04-09,1.95,0.91,3.0100000000000002,1.53,2.39,PB
708,Punjab,2020-04-10,1.84,0.85,2.88,1.43,2.2600000000000002,PB
709,Punjab,2020-04-11,1.6500000000000001,0.68,2.66,1.26,2.07,PB
710,Punjab,2020-04-12,1.54,0.59,2.54,1.18,1.98,PB
711,Punjab,2020-04-13,1.45,0.51,2.44,1.1300000000000001,1.93,PB
712,Punjab,2020-04-14,1.42,0.48,2.4,1.06,1.85,PB
713,Punjab,2020-04-15,1.3900000000000001,0.46,2.37,1.05,1.84,PB
714,Punjab,2020-04-16,1.36,0.43,2.33,1.03,1.82,PB
715,Punjab,2020-04-17,1.33,0.4,2.29,0.9400000000000001,1.72,PB
716,Punjab,2020-04-18,1.36,0.43,2.32,1.0,1.78,PB
717,Punjab,2020-04-19,1.33,0.38,2.25,1.0,1.78,PB
718,Punjab,2020-04-20,1.35,0.43,2.3000000000000003,0.97,1.74,PB
719,Punjab,2020-04-21,1.32,0.39,2.24,0.99,1.76,PB
720,Punjab,2020-04-22,1.29,0.39,2.23,0.9,1.6600000000000001,PB
721,Punjab,2020-04-23,1.22,0.31,2.12,0.88,1.6400000000000001,PB
722,Punjab,2020-04-24,1.25,0.35000000000000003,2.17,0.92,1.68,PB
723,Punjab,2020-04-25,1.27,0.38,2.2,0.96,1.72,PB
724,Punjab,2020-04-26,1.55,0.65,2.46,1.2,1.94,PB
725,Punjab,2020-04-27,1.8,0.96,2.7,1.46,2.17,PB
726,Punjab,2020-04-28,2.31,1.52,3.14,2.04,2.71,PB
727,Punjab,2020-04-29,2.89,2.17,3.62,2.64,3.24,PB
728,Punjab,2020-04-30,2.92,2.31,3.59,2.71,3.24,PB
729,Punjab,2020-05-01,2.87,2.33,3.47,2.69,3.16,PB
730,Punjab,2020-05-02,2.59,2.09,3.12,2.37,2.79,PB
731,Punjab,2020-05-03,2.33,1.87,2.83,2.18,2.58,PB
732,Punjab,2020-05-04,2.06,1.62,2.5300000000000002,1.92,2.3000000000000003,PB
733,Punjab,2020-05-05,1.79,1.36,2.24,1.61,1.97,PB
734,Punjab,2020-05-06,1.58,1.16,2.0300000000000002,1.43,1.79,PB
735,Rajasthan,2020-03-14,3.0,1.01,6.99,2.04,4.45,RJ
736,Rajasthan,2020-03-15,2.88,0.99,6.28,1.99,4.16,RJ
737,Rajasthan,2020-03-16,3.14,1.1300000000000001,6.42,2.2,4.4,RJ
738,Rajasthan,2020-03-17,2.91,1.06,5.67,2.1,4.03,RJ
739,Rajasthan,2020-03-18,3.02,1.21,5.63,2.27,4.13,RJ
740,Rajasthan,2020-03-19,2.7800000000000002,1.12,5.08,2.07,3.73,RJ
741,Rajasthan,2020-03-20,2.81,1.1400000000000001,4.9,2.14,3.72,RJ
742,Rajasthan,2020-03-21,2.61,1.05,4.5,2.02,3.47,RJ
743,Rajasthan,2020-03-22,2.45,1.01,4.25,1.86,3.21,RJ
744,Rajasthan,2020-03-23,2.33,0.9500000000000001,4.03,1.76,3.04,RJ
745,Rajasthan,2020-03-24,2.35,0.96,3.95,1.75,2.99,RJ
746,Rajasthan,2020-03-25,2.12,0.8300000000000001,3.66,1.58,2.75,RJ
747,Rajasthan,2020-03-26,2.15,0.86,3.64,1.6400000000000001,2.79,RJ
748,Rajasthan,2020-03-27,2.27,1.0,3.73,1.79,2.92,RJ
749,Rajasthan,2020-03-28,2.32,1.05,3.67,1.8800000000000001,2.97,RJ
750,Rajasthan,2020-03-29,2.34,1.1400000000000001,3.64,1.8800000000000001,2.91,RJ
751,Rajasthan,2020-03-30,2.46,1.33,3.7,2.06,3.04,RJ
752,Rajasthan,2020-03-31,2.43,1.37,3.58,2.04,2.95,RJ
753,Rajasthan,2020-04-01,2.48,1.47,3.52,2.14,2.99,RJ
754,Rajasthan,2020-04-02,2.46,1.53,3.43,2.1,2.88,RJ
755,Rajasthan,2020-04-03,2.36,1.48,3.24,2.06,2.79,RJ
756,Rajasthan,2020-04-04,2.22,1.41,3.06,1.93,2.61,RJ
757,Rajasthan,2020-04-05,2.2,1.42,2.97,1.92,2.56,RJ
758,Rajasthan,2020-04-06,2.15,1.45,2.92,1.86,2.46,RJ
759,Rajasthan,2020-04-07,2.22,1.54,2.92,1.98,2.5500000000000003,RJ
760,Rajasthan,2020-04-08,2.17,1.54,2.84,1.96,2.5,RJ
761,Rajasthan,2020-04-09,2.13,1.53,2.7600000000000002,1.93,2.44,RJ
762,Rajasthan,2020-04-10,2.05,1.49,2.66,1.84,2.32,RJ
763,Rajasthan,2020-04-11,1.93,1.4000000000000001,2.52,1.74,2.2,RJ
764,Rajasthan,2020-04-12,1.76,1.24,2.32,1.59,2.04,RJ
765,Rajasthan,2020-04-13,1.62,1.12,2.18,1.45,1.8900000000000001,RJ
766,Rajasthan,2020-04-14,1.49,0.99,2.0300000000000002,1.32,1.75,RJ
767,Rajasthan,2020-04-15,1.3900000000000001,0.89,1.92,1.23,1.6600000000000001,RJ
768,Rajasthan,2020-04-16,1.29,0.8,1.83,1.08,1.5,RJ
769,Rajasthan,2020-04-17,1.32,0.8,1.82,1.1300000000000001,1.55,RJ
770,Rajasthan,2020-04-18,1.36,0.88,1.9000000000000001,1.19,1.61,RJ
771,Rajasthan,2020-04-19,1.33,0.8300000000000001,1.83,1.1300000000000001,1.54,RJ
772,Rajasthan,2020-04-20,1.3,0.8,1.79,1.1300000000000001,1.54,RJ
773,Rajasthan,2020-04-21,1.22,0.75,1.74,1.06,1.47,RJ
774,Rajasthan,2020-04-22,1.12,0.63,1.61,0.97,1.3800000000000001,RJ
775,Rajasthan,2020-04-23,1.0,0.52,1.51,0.8300000000000001,1.24,RJ
776,Rajasthan,2020-04-24,0.92,0.44,1.44,0.73,1.1400000000000001,RJ
777,Rajasthan,2020-04-25,0.87,0.37,1.3800000000000001,0.7000000000000001,1.12,RJ
778,Rajasthan,2020-04-26,0.86,0.37,1.4000000000000001,0.66,1.08,RJ
779,Rajasthan,2020-04-27,0.87,0.37,1.41,0.7000000000000001,1.1300000000000001,RJ
780,Rajasthan,2020-04-28,0.9500000000000001,0.45,1.5,0.76,1.19,RJ
781,Rajasthan,2020-04-29,1.03,0.51,1.55,0.85,1.28,RJ
782,Rajasthan,2020-04-30,1.16,0.65,1.68,1.0,1.43,RJ
783,Rajasthan,2020-05-01,1.17,0.68,1.7,0.99,1.41,RJ
784,Rajasthan,2020-05-02,1.23,0.73,1.73,1.02,1.43,RJ
785,Rajasthan,2020-05-03,1.24,0.77,1.76,1.08,1.49,RJ
786,Rajasthan,2020-05-04,1.25,0.79,1.77,1.07,1.47,RJ
787,Rajasthan,2020-05-05,1.22,0.74,1.7,1.06,1.46,RJ
788,Rajasthan,2020-05-06,1.24,0.77,1.72,1.06,1.45,RJ
789,Tamil Nadu,2020-03-17,3.0,1.01,6.99,2.04,4.45,TN
790,Tamil Nadu,2020-03-18,2.88,0.99,6.28,1.99,4.16,TN
791,Tamil Nadu,2020-03-19,2.7800000000000002,0.9400000000000001,5.8100000000000005,2.0,4.0200000000000005,TN
792,Tamil Nadu,2020-03-20,3.02,1.08,5.99,2.15,4.2,TN
793,Tamil Nadu,2020-03-21,3.13,1.22,5.86,2.31,4.26,TN
794,Tamil Nadu,2020-03-22,2.86,1.12,5.21,2.15,3.87,TN
795,Tamil Nadu,2020-03-23,2.88,1.21,5.08,2.15,3.77,TN
796,Tamil Nadu,2020-03-24,2.84,1.21,4.8100000000000005,2.19,3.7,TN
797,Tamil Nadu,2020-03-25,2.6,1.12,4.41,1.96,3.33,TN
798,Tamil Nadu,2020-03-26,2.56,1.1,4.21,2.0100000000000002,3.31,TN
799,Tamil Nadu,2020-03-27,2.88,1.45,4.46,2.32,3.5700000000000003,TN
800,Tamil Nadu,2020-03-28,3.5,2.15,4.93,3.0,4.15,TN
801,Tamil Nadu,2020-03-29,3.56,2.38,4.76,3.11,4.09,TN
802,Tamil Nadu,2020-03-30,3.54,2.56,4.59,3.2,4.04,TN
803,Tamil Nadu,2020-03-31,3.3200000000000003,2.47,4.21,3.0300000000000002,3.75,TN
804,Tamil Nadu,2020-04-01,3.0700000000000003,2.3000000000000003,3.8200000000000003,2.81,3.44,TN
805,Tamil Nadu,2020-04-02,2.7,2.0300000000000002,3.4,2.48,3.0500000000000003,TN
806,Tamil Nadu,2020-04-03,2.42,1.81,3.08,2.19,2.71,TN
807,Tamil Nadu,2020-04-04,2.1,1.52,2.72,1.87,2.36,TN
808,Tamil Nadu,2020-04-05,1.87,1.29,2.44,1.69,2.17,TN
809,Tamil Nadu,2020-04-06,1.6400000000000001,1.09,2.22,1.46,1.93,TN
810,Tamil Nadu,2020-04-07,1.49,0.9500000000000001,2.07,1.29,1.75,TN
811,Tamil Nadu,2020-04-08,1.42,0.87,1.98,1.23,1.69,TN
812,Tamil Nadu,2020-04-09,1.3800000000000001,0.85,1.96,1.2,1.6600000000000001,TN
813,Tamil Nadu,2020-04-10,1.32,0.77,1.87,1.1400000000000001,1.6,TN
814,Tamil Nadu,2020-04-11,1.24,0.71,1.81,1.02,1.47,TN
815,Tamil Nadu,2020-04-12,1.1400000000000001,0.59,1.69,0.97,1.43,TN
816,Tamil Nadu,2020-04-13,1.07,0.53,1.6400000000000001,0.89,1.35,TN
817,Tamil Nadu,2020-04-14,0.9400000000000001,0.4,1.52,0.73,1.19,TN
818,Tamil Nadu,2020-04-15,0.92,0.37,1.51,0.72,1.19,TN
819,Tamil Nadu,2020-04-16,0.91,0.35000000000000003,1.5,0.73,1.21,TN
820,Tamil Nadu,2020-04-17,0.9,0.32,1.48,0.6900000000000001,1.17,TN
821,Tamil Nadu,2020-04-18,0.9,0.31,1.48,0.71,1.2,TN
822,Tamil Nadu,2020-04-19,0.97,0.4,1.59,0.77,1.26,TN
823,Tamil Nadu,2020-04-20,1.01,0.44,1.6300000000000001,0.81,1.3,TN
824,Tamil Nadu,2020-04-21,1.04,0.45,1.6300000000000001,0.85,1.34,TN
825,Tamil Nadu,2020-04-22,1.03,0.46,1.6400000000000001,0.85,1.34,TN
826,Tamil Nadu,2020-04-23,1.03,0.47000000000000003,1.6500000000000001,0.79,1.27,TN
827,Tamil Nadu,2020-04-24,1.06,0.48,1.6500000000000001,0.84,1.32,TN
828,Tamil Nadu,2020-04-25,1.1400000000000001,0.56,1.72,0.9400000000000001,1.42,TN
829,Tamil Nadu,2020-04-26,1.27,0.72,1.87,1.06,1.53,TN
830,Tamil Nadu,2020-04-27,1.48,0.9500000000000001,2.07,1.29,1.75,TN
831,Tamil Nadu,2020-04-28,1.68,1.1500000000000001,2.22,1.48,1.92,TN
832,Tamil Nadu,2020-04-29,1.84,1.34,2.36,1.6600000000000001,2.08,TN
833,Tamil Nadu,2020-04-30,2.15,1.69,2.65,2.0,2.4,TN
834,Tamil Nadu,2020-05-01,2.34,1.9100000000000001,2.8000000000000003,2.2,2.57,TN
835,Tamil Nadu,2020-05-02,2.54,2.16,2.98,2.42,2.7600000000000002,TN
836,Tamil Nadu,2020-05-03,2.38,2.02,2.77,2.25,2.56,TN
837,Tamil Nadu,2020-05-04,2.24,1.9100000000000001,2.62,2.11,2.4,TN
838,Tamil Nadu,2020-05-05,2.09,1.76,2.43,1.98,2.2600000000000002,TN
839,Tamil Nadu,2020-05-06,1.95,1.6300000000000001,2.27,1.85,2.12,TN
840,Telangana,2020-03-14,3.0,1.01,6.99,2.04,4.45,TG
841,Telangana,2020-03-15,2.7800000000000002,1.01,5.86,1.99,4.0,TG
842,Telangana,2020-03-16,2.91,1.09,5.68,2.06,3.98,TG
843,Telangana,2020-03-17,2.68,1.0,5.0200000000000005,1.98,3.67,TG
844,Telangana,2020-03-18,2.5100000000000002,0.96,4.64,1.82,3.36,TG
845,Telangana,2020-03-19,2.57,1.03,4.58,1.94,3.43,TG
846,Telangana,2020-03-20,2.41,0.93,4.22,1.84,3.22,TG
847,Telangana,2020-03-21,2.29,0.9,4.01,1.74,3.04,TG
848,Telangana,2020-03-22,2.19,0.8300000000000001,3.8000000000000003,1.6600000000000001,2.9,TG
849,Telangana,2020-03-23,2.22,0.91,3.8200000000000003,1.7,2.91,TG
850,Telangana,2020-03-24,2.12,0.85,3.64,1.6400000000000001,2.8000000000000003,TG
851,Telangana,2020-03-25,2.13,0.88,3.6,1.67,2.8000000000000003,TG
852,Telangana,2020-03-26,2.04,0.78,3.39,1.55,2.63,TG
853,Telangana,2020-03-27,2.04,0.84,3.39,1.55,2.6,TG
854,Telangana,2020-03-28,2.12,0.93,3.41,1.62,2.64,TG
855,Telangana,2020-03-29,2.23,1.07,3.46,1.82,2.81,TG
856,Telangana,2020-03-30,2.48,1.3900000000000001,3.66,2.1,3.04,TG
857,Telangana,2020-03-31,2.52,1.51,3.61,2.11,2.97,TG
858,Telangana,2020-04-01,2.59,1.67,3.6,2.22,3.0100000000000002,TG
859,Telangana,2020-04-02,2.52,1.6500000000000001,3.41,2.23,2.96,TG
860,Telangana,2020-04-03,2.39,1.61,3.24,2.11,2.7800000000000002,TG
861,Telangana,2020-04-04,2.21,1.47,2.99,1.96,2.59,TG
862,Telangana,2020-04-05,1.99,1.28,2.72,1.7,2.29,TG
863,Telangana,2020-04-06,1.77,1.08,2.47,1.5,2.07,TG
864,Telangana,2020-04-07,1.58,0.9,2.2600000000000002,1.33,1.8900000000000001,TG
865,Telangana,2020-04-08,1.35,0.68,2.0300000000000002,1.1300000000000001,1.69,TG
866,Telangana,2020-04-09,1.29,0.64,2.0,1.06,1.62,TG
867,Telangana,2020-04-10,1.23,0.5700000000000001,1.93,0.99,1.55,TG
868,Telangana,2020-04-11,1.2,0.55,1.92,0.9500000000000001,1.51,TG
869,Telangana,2020-04-12,1.21,0.54,1.9100000000000001,0.92,1.48,TG
870,Telangana,2020-04-13,1.26,0.59,1.96,0.98,1.54,TG
871,Telangana,2020-04-14,1.32,0.66,2.02,1.08,1.6400000000000001,TG
872,Telangana,2020-04-15,1.35,0.68,2.02,1.09,1.6400000000000001,TG
873,Telangana,2020-04-16,1.32,0.6900000000000001,2.02,1.11,1.6600000000000001,TG
874,Telangana,2020-04-17,1.3,0.66,1.97,1.07,1.61,TG
875,Telangana,2020-04-18,1.19,0.55,1.85,0.98,1.52,TG
876,Telangana,2020-04-19,1.12,0.49,1.79,0.91,1.45,TG
877,Telangana,2020-04-20,1.06,0.41000000000000003,1.71,0.84,1.3800000000000001,TG
878,Telangana,2020-04-21,0.9400000000000001,0.3,1.6,0.7000000000000001,1.24,TG
879,Telangana,2020-04-22,0.8,0.16,1.43,0.59,1.1400000000000001,TG
880,Telangana,2020-04-23,0.6900000000000001,0.07,1.29,0.46,1.01,TG
881,Telangana,2020-04-24,0.59,0.03,1.2,0.33,0.87,TG
882,Telangana,2020-04-25,0.49,0.0,1.1300000000000001,0.27,0.8,TG
883,Telangana,2020-04-26,0.36,0.0,1.09,0.22,0.73,TG
884,Telangana,2020-04-27,0.33,0.0,1.1,0.21,0.72,TG
885,Telangana,2020-04-28,0.32,0.0,1.11,0.14,0.64,TG
886,Telangana,2020-04-29,0.37,0.0,1.17,0.23,0.77,TG
887,Telangana,2020-04-30,0.44,0.02,1.26,0.26,0.8300000000000001,TG
888,Telangana,2020-05-01,0.52,0.02,1.32,0.3,0.9,TG
889,Telangana,2020-05-02,0.54,0.01,1.33,0.3,0.91,TG
890,Telangana,2020-05-03,0.5700000000000001,0.01,1.35,0.3,0.92,TG
891,Telangana,2020-05-04,0.59,0.0,1.36,0.31,0.9400000000000001,TG
892,Telangana,2020-05-05,0.56,0.02,1.37,0.33,0.96,TG
893,Telangana,2020-05-06,0.64,0.04,1.45,0.34,0.99,TG
894,Tripura,2020-04-29,3.0,1.01,6.99,2.04,4.45,TR
895,Tripura,2020-04-30,3.3000000000000003,1.16,7.0200000000000005,2.2800000000000002,4.7,TR
896,Tripura,2020-05-01,3.84,1.53,7.12,2.79,5.15,TR
897,Tripura,2020-05-02,3.84,1.71,6.43,3.0100000000000002,5.01,TR
898,Tripura,2020-05-03,3.6,1.71,5.68,2.87,4.54,TR
899,Tripura,2020-05-04,3.33,1.68,5.09,2.73,4.16,TR
900,Tripura,2020-05-05,3.09,1.67,4.67,2.56,3.81,TR
901,Tripura,2020-05-06,2.87,1.59,4.2700000000000005,2.37,3.48,TR
902,Uttar Pradesh,2020-03-14,3.0,1.01,6.99,2.04,4.45,UP
903,Uttar Pradesh,2020-03-15,2.37,0.87,4.89,1.7,3.37,UP
904,Uttar Pradesh,2020-03-16,2.25,0.8200000000000001,4.45,1.67,3.19,UP
905,Uttar Pradesh,2020-03-17,2.16,0.79,4.17,1.56,2.97,UP
906,Uttar Pradesh,2020-03-18,2.08,0.72,3.92,1.55,2.89,UP
907,Uttar Pradesh,2020-03-19,1.8900000000000001,0.66,3.65,1.36,2.6,UP
908,Uttar Pradesh,2020-03-20,1.99,0.71,3.73,1.49,2.75,UP
909,Uttar Pradesh,2020-03-21,1.94,0.67,3.6,1.44,2.66,UP
910,Uttar Pradesh,2020-03-22,1.8900000000000001,0.64,3.5,1.41,2.6,UP
911,Uttar Pradesh,2020-03-23,1.85,0.6,3.4,1.34,2.5,UP
912,Uttar Pradesh,2020-03-24,1.92,0.67,3.47,1.43,2.59,UP
913,Uttar Pradesh,2020-03-25,1.97,0.71,3.47,1.44,2.58,UP
914,Uttar Pradesh,2020-03-26,2.1,0.8200000000000001,3.54,1.6300000000000001,2.7600000000000002,UP
915,Uttar Pradesh,2020-03-27,2.08,0.87,3.49,1.6,2.68,UP
916,Uttar Pradesh,2020-03-28,2.14,0.9500000000000001,3.47,1.69,2.73,UP
917,Uttar Pradesh,2020-03-29,2.08,0.9500000000000001,3.35,1.6600000000000001,2.65,UP
918,Uttar Pradesh,2020-03-30,2.16,1.05,3.34,1.7,2.64,UP
919,Uttar Pradesh,2020-03-31,2.32,1.28,3.45,1.9100000000000001,2.8000000000000003,UP
920,Uttar Pradesh,2020-04-01,2.32,1.34,3.36,1.95,2.7800000000000002,UP
921,Uttar Pradesh,2020-04-02,2.2800000000000002,1.37,3.25,1.9100000000000001,2.68,UP
922,Uttar Pradesh,2020-04-03,2.23,1.3800000000000001,3.14,1.8900000000000001,2.61,UP
923,Uttar Pradesh,2020-04-04,2.08,1.26,2.91,1.79,2.47,UP
924,Uttar Pradesh,2020-04-05,2.0,1.23,2.8000000000000003,1.74,2.39,UP
925,Uttar Pradesh,2020-04-06,1.84,1.12,2.63,1.57,2.19,UP
926,Uttar Pradesh,2020-04-07,1.68,0.97,2.43,1.41,2.0100000000000002,UP
927,Uttar Pradesh,2020-04-08,1.53,0.8200000000000001,2.25,1.28,1.87,UP
928,Uttar Pradesh,2020-04-09,1.49,0.78,2.19,1.23,1.81,UP
929,Uttar Pradesh,2020-04-10,1.53,0.8300000000000001,2.22,1.25,1.82,UP
930,Uttar Pradesh,2020-04-11,1.6300000000000001,0.9400000000000001,2.3000000000000003,1.3800000000000001,1.94,UP
931,Uttar Pradesh,2020-04-12,1.67,1.03,2.36,1.45,2.0,UP
932,Uttar Pradesh,2020-04-13,1.69,1.07,2.36,1.46,1.99,UP
933,Uttar Pradesh,2020-04-14,1.73,1.1,2.34,1.49,2.0,UP
934,Uttar Pradesh,2020-04-15,1.78,1.2,2.4,1.53,2.02,UP
935,Uttar Pradesh,2020-04-16,1.75,1.2,2.36,1.56,2.04,UP
936,Uttar Pradesh,2020-04-17,1.74,1.21,2.33,1.55,2.0100000000000002,UP
937,Uttar Pradesh,2020-04-18,1.68,1.1500000000000001,2.23,1.51,1.96,UP
938,Uttar Pradesh,2020-04-19,1.56,1.04,2.09,1.4000000000000001,1.84,UP
939,Uttar Pradesh,2020-04-20,1.5,1.01,2.05,1.34,1.77,UP
940,Uttar Pradesh,2020-04-21,1.49,1.01,2.0300000000000002,1.32,1.74,UP
941,Uttar Pradesh,2020-04-22,1.43,0.9400000000000001,1.94,1.23,1.6400000000000001,UP
942,Uttar Pradesh,2020-04-23,1.32,0.84,1.83,1.16,1.57,UP
943,Uttar Pradesh,2020-04-24,1.22,0.75,1.74,1.06,1.47,UP
944,Uttar Pradesh,2020-04-25,1.1500000000000001,0.68,1.67,0.99,1.4000000000000001,UP
945,Uttar Pradesh,2020-04-26,1.03,0.54,1.53,0.86,1.27,UP
946,Uttar Pradesh,2020-04-27,1.0,0.51,1.51,0.81,1.22,UP
947,Uttar Pradesh,2020-04-28,1.04,0.55,1.56,0.88,1.3,UP
948,Uttar Pradesh,2020-04-29,1.07,0.59,1.6,0.91,1.33,UP
949,Uttar Pradesh,2020-04-30,1.08,0.6,1.61,0.93,1.35,UP
950,Uttar Pradesh,2020-05-01,1.16,0.67,1.67,0.97,1.3800000000000001,UP
951,Uttar Pradesh,2020-05-02,1.19,0.71,1.7,1.02,1.43,UP
952,Uttar Pradesh,2020-05-03,1.22,0.75,1.73,1.03,1.43,UP
953,Uttar Pradesh,2020-05-04,1.22,0.76,1.73,1.06,1.46,UP
954,Uttar Pradesh,2020-05-05,1.2,0.74,1.7,1.05,1.45,UP
955,Uttar Pradesh,2020-05-06,1.1400000000000001,0.68,1.6300000000000001,0.96,1.35,UP
956,Uttarakhand,2020-04-14,3.0,1.01,6.99,2.04,4.45,UT
957,Uttarakhand,2020-04-15,2.88,0.99,6.28,1.99,4.16,UT
958,Uttarakhand,2020-04-16,2.7800000000000002,0.9400000000000001,5.8100000000000005,2.0,4.0200000000000005,UT
959,Uttarakhand,2020-04-17,2.7,0.97,5.5600000000000005,1.87,3.77,UT
960,Uttarakhand,2020-04-18,2.63,0.93,5.3,1.9100000000000001,3.73,UT
961,Uttarakhand,2020-04-19,2.57,0.89,5.09,1.86,3.61,UT
962,Uttarakhand,2020-04-20,2.52,0.89,4.96,1.79,3.48,UT
963,Uttarakhand,2020-04-21,2.47,0.87,4.83,1.82,3.47,UT
964,Uttarakhand,2020-04-22,2.42,0.81,4.67,1.79,3.4,UT
965,Uttarakhand,2020-04-23,2.38,0.78,4.5600000000000005,1.7,3.27,UT
966,Uttarakhand,2020-04-24,2.35,0.72,4.43,1.6600000000000001,3.2,UT
967,Uttarakhand,2020-04-25,2.31,0.76,4.42,1.69,3.21,UT
968,Uttarakhand,2020-04-26,2.2800000000000002,0.68,4.28,1.67,3.17,UT
969,Uttarakhand,2020-04-27,2.25,0.6900000000000001,4.25,1.6400000000000001,3.12,UT
970,Uttarakhand,2020-04-28,2.22,0.67,4.19,1.59,3.0500000000000003,UT
971,Uttarakhand,2020-04-29,2.19,0.62,4.1,1.6,3.0500000000000003,UT
972,Uttarakhand,2020-04-30,2.16,0.61,4.0600000000000005,1.52,2.95,UT
973,Uttarakhand,2020-05-01,2.14,0.58,4.0,1.51,2.93,UT
974,Uttarakhand,2020-05-02,2.11,0.54,3.93,1.49,2.9,UT
975,Uttarakhand,2020-05-03,2.09,0.54,3.91,1.45,2.85,UT
976,Uttarakhand,2020-05-04,2.06,0.49,3.83,1.49,2.89,UT
977,Uttarakhand,2020-05-05,2.04,0.48,3.8000000000000003,1.45,2.84,UT
978,Uttarakhand,2020-05-06,2.02,0.47000000000000003,3.77,1.4000000000000001,2.7800000000000002,UT
979,West Bengal,2020-03-18,3.0,1.01,6.99,2.04,4.45,WB
980,West Bengal,2020-03-19,2.88,0.99,6.28,1.99,4.16,WB
981,West Bengal,2020-03-20,2.7800000000000002,0.9400000000000001,5.8100000000000005,2.0,4.0200000000000005,WB
982,West Bengal,2020-03-21,2.7,0.97,5.5600000000000005,1.87,3.77,WB
983,West Bengal,2020-03-22,2.63,0.93,5.3,1.9100000000000001,3.73,WB
984,West Bengal,2020-03-23,2.57,0.89,5.09,1.86,3.61,WB
985,West Bengal,2020-03-24,2.77,0.98,5.24,2.0,3.7800000000000002,WB
986,West Bengal,2020-03-25,2.64,0.93,4.91,1.87,3.5300000000000002,WB
987,West Bengal,2020-03-26,2.5300000000000002,0.93,4.71,1.8900000000000001,3.47,WB
988,West Bengal,2020-03-27,2.63,0.98,4.7,2.0100000000000002,3.5700000000000003,WB
989,West Bengal,2020-03-28,2.5,0.96,4.47,1.86,3.3200000000000003,WB
990,West Bengal,2020-03-29,2.71,1.11,4.57,2.0300000000000002,3.47,WB
991,West Bengal,2020-03-30,2.5100000000000002,1.04,4.25,1.97,3.31,WB
992,West Bengal,2020-03-31,2.36,0.96,3.99,1.84,3.1,WB
993,West Bengal,2020-04-01,2.47,1.1,4.04,1.96,3.18,WB
994,West Bengal,2020-04-02,2.3000000000000003,1.01,3.7800000000000002,1.76,2.9,WB
995,West Bengal,2020-04-03,2.2600000000000002,1.01,3.66,1.75,2.84,WB
996,West Bengal,2020-04-04,2.12,0.92,3.45,1.6500000000000001,2.69,WB
997,West Bengal,2020-04-05,2.0100000000000002,0.81,3.24,1.54,2.54,WB
998,West Bengal,2020-04-06,2.0,0.84,3.2,1.54,2.5100000000000002,WB
999,West Bengal,2020-04-07,1.83,0.73,3.02,1.4000000000000001,2.34,WB
1000,West Bengal,2020-04-08,1.83,0.73,2.97,1.4000000000000001,2.32,WB
1001,West Bengal,2020-04-09,1.82,0.74,2.93,1.42,2.32,WB
1002,West Bengal,2020-04-10,1.81,0.76,2.9,1.43,2.31,WB
1003,West Bengal,2020-04-11,1.9000000000000001,0.88,2.96,1.56,2.42,WB
1004,West Bengal,2020-04-12,1.9100000000000001,0.93,2.94,1.49,2.31,WB
1005,West Bengal,2020-04-13,1.8900000000000001,0.9400000000000001,2.87,1.51,2.3000000000000003,WB
1006,West Bengal,2020-04-14,1.92,1.02,2.88,1.56,2.32,WB
1007,West Bengal,2020-04-15,1.8800000000000001,1.0,2.7800000000000002,1.54,2.27,WB
1008,West Bengal,2020-04-16,1.8,0.96,2.68,1.51,2.22,WB
1009,West Bengal,2020-04-17,1.8,0.99,2.65,1.49,2.17,WB
1010,West Bengal,2020-04-18,1.76,0.96,2.56,1.48,2.14,WB
1011,West Bengal,2020-04-19,1.68,0.9400000000000001,2.5,1.41,2.05,WB
1012,West Bengal,2020-04-20,1.68,0.93,2.44,1.4000000000000001,2.02,WB
1013,West Bengal,2020-04-21,1.7,0.99,2.46,1.46,2.07,WB
1014,West Bengal,2020-04-22,1.67,0.99,2.42,1.44,2.0300000000000002,WB
1015,West Bengal,2020-04-23,1.62,0.9500000000000001,2.34,1.37,1.94,WB
1016,West Bengal,2020-04-24,1.58,0.93,2.29,1.35,1.9100000000000001,WB
1017,West Bengal,2020-04-25,1.49,0.85,2.18,1.27,1.82,WB
1018,West Bengal,2020-04-26,1.3900000000000001,0.75,2.06,1.16,1.7,WB
1019,West Bengal,2020-04-27,1.32,0.68,1.98,1.11,1.6500000000000001,WB
1020,West Bengal,2020-04-28,1.36,0.73,2.02,1.12,1.6500000000000001,WB
1021,West Bengal,2020-04-29,1.6500000000000001,1.05,2.32,1.42,1.94,WB
1022,West Bengal,2020-04-30,1.71,1.11,2.33,1.47,1.97,WB
1023,West Bengal,2020-05-01,1.8,1.23,2.4,1.58,2.06,WB
1024,West Bengal,2020-05-02,1.85,1.3,2.42,1.6400000000000001,2.1,WB
1025,West Bengal,2020-05-03,1.8,1.26,2.33,1.59,2.0300000000000002,WB
1026,West Bengal,2020-05-04,1.73,1.24,2.2800000000000002,1.56,1.99,WB
1027,West Bengal,2020-05-05,1.6300000000000001,1.1500000000000001,2.16,1.47,1.8900000000000001,WB
1028,West Bengal,2020-05-06,1.52,1.06,2.05,1.37,1.78,WB
