,state,date,ML,Low_90,High_90,Low_50,High_50,state_ab,insufficient_data
0,Andhra Pradesh,2020-03-18,3.0,1.01,6.99,2.04,4.45,AP,0
1,Andhra Pradesh,2020-03-19,2.88,0.99,6.28,1.99,4.16,AP,0
2,Andhra Pradesh,2020-03-20,2.7800000000000002,0.9400000000000001,5.8100000000000005,2.0,4.0200000000000005,AP,0
3,Andhra Pradesh,2020-03-21,2.7,0.97,5.5600000000000005,1.87,3.77,AP,0
4,Andhra Pradesh,2020-03-22,2.63,0.93,5.3,1.9100000000000001,3.73,AP,0
5,Andhra Pradesh,2020-03-23,2.57,0.89,5.09,1.86,3.61,AP,0
6,Andhra Pradesh,2020-03-24,2.77,0.98,5.24,2.0,3.7800000000000002,AP,0
7,Andhra Pradesh,2020-03-25,2.64,0.93,4.91,1.87,3.5300000000000002,AP,0
8,Andhra Pradesh,2020-03-26,2.5300000000000002,0.93,4.71,1.8900000000000001,3.47,AP,0
9,Andhra Pradesh,2020-03-27,2.63,0.98,4.7,2.0100000000000002,3.5700000000000003,AP,0
10,Andhra Pradesh,2020-03-28,3.48,1.6400000000000001,5.48,2.79,4.4,AP,0
11,Andhra Pradesh,2020-03-29,3.74,2.05,5.45,3.06,4.47,AP,0
12,Andhra Pradesh,2020-03-30,3.48,2.06,4.95,2.97,4.17,AP,0
13,Andhra Pradesh,2020-03-31,3.3000000000000003,2.07,4.57,2.82,3.85,AP,0
14,Andhra Pradesh,2020-04-01,3.14,2.06,4.25,2.72,3.62,AP,0
15,Andhra Pradesh,2020-04-02,2.89,1.92,3.86,2.5300000000000002,3.33,AP,0
16,Andhra Pradesh,2020-04-03,2.5500000000000003,1.68,3.44,2.2600000000000002,2.99,AP,0
17,Andhra Pradesh,2020-04-04,2.32,1.53,3.17,1.99,2.66,AP,0
18,Andhra Pradesh,2020-04-05,2.05,1.3,2.85,1.79,2.43,AP,0
19,Andhra Pradesh,2020-04-06,1.76,1.01,2.5,1.52,2.14,AP,0
20,Andhra Pradesh,2020-04-07,1.6,0.9,2.37,1.31,1.9100000000000001,AP,0
21,Andhra Pradesh,2020-04-08,1.47,0.76,2.21,1.23,1.83,AP,0
22,Andhra Pradesh,2020-04-09,1.34,0.64,2.09,1.1,1.7,AP,0
23,Andhra Pradesh,2020-04-10,1.25,0.53,1.98,1.0,1.6,AP,0
24,Andhra Pradesh,2020-04-11,1.22,0.5,1.96,0.9500000000000001,1.55,AP,0
25,Andhra Pradesh,2020-04-12,1.23,0.52,1.99,0.99,1.6,AP,0
26,Andhra Pradesh,2020-04-13,1.23,0.51,1.98,0.99,1.6,AP,0
27,Andhra Pradesh,2020-04-14,1.27,0.55,2.02,1.03,1.6400000000000001,AP,0
28,Andhra Pradesh,2020-04-15,1.32,0.6,2.06,1.06,1.6600000000000001,AP,0
29,Andhra Pradesh,2020-04-16,1.3900000000000001,0.68,2.12,1.11,1.7,AP,0
30,Andhra Pradesh,2020-04-17,1.42,0.74,2.16,1.1500000000000001,1.73,AP,0
31,Andhra Pradesh,2020-04-18,1.44,0.76,2.15,1.18,1.75,AP,0
32,Andhra Pradesh,2020-04-19,1.49,0.8300000000000001,2.19,1.26,1.82,AP,0
33,Andhra Pradesh,2020-04-20,1.51,0.88,2.21,1.29,1.84,AP,0
34,Andhra Pradesh,2020-04-21,1.54,0.9,2.19,1.3,1.83,AP,0
35,Andhra Pradesh,2020-04-22,1.55,0.9500000000000001,2.21,1.34,1.86,AP,0
36,Andhra Pradesh,2020-04-23,1.53,0.9500000000000001,2.18,1.34,1.85,AP,0
37,Andhra Pradesh,2020-04-24,1.52,0.9400000000000001,2.14,1.29,1.78,AP,0
38,Andhra Pradesh,2020-04-25,1.46,0.88,2.05,1.24,1.72,AP,0
39,Andhra Pradesh,2020-04-26,1.45,0.89,2.04,1.27,1.75,AP,0
40,Andhra Pradesh,2020-04-27,1.37,0.8,1.93,1.18,1.6500000000000001,AP,0
41,Andhra Pradesh,2020-04-28,1.28,0.73,1.85,1.07,1.53,AP,0
42,Andhra Pradesh,2020-04-29,1.22,0.68,1.8,1.02,1.48,AP,0
43,Andhra Pradesh,2020-04-30,1.17,0.63,1.75,0.97,1.43,AP,0
44,Andhra Pradesh,2020-05-01,1.1,0.5700000000000001,1.69,0.91,1.37,AP,0
45,Andhra Pradesh,2020-05-02,1.04,0.49,1.61,0.8300000000000001,1.29,AP,0
46,Andhra Pradesh,2020-05-03,1.0,0.45,1.58,0.8200000000000001,1.29,AP,0
47,Andhra Pradesh,2020-05-04,0.98,0.43,1.57,0.79,1.26,AP,0
48,Andhra Pradesh,2020-05-05,0.9500000000000001,0.4,1.55,0.74,1.21,AP,0
49,Andhra Pradesh,2020-05-06,0.92,0.35000000000000003,1.5,0.74,1.22,AP,0
50,Andhra Pradesh,2020-05-07,0.9,0.33,1.49,0.6900000000000001,1.17,AP,0
51,Andhra Pradesh,2020-05-08,0.86,0.29,1.46,0.67,1.16,AP,0
52,Andhra Pradesh,2020-05-09,0.84,0.24,1.41,0.63,1.12,AP,0
53,Andhra Pradesh,2020-05-10,0.8200000000000001,0.23,1.41,0.63,1.1300000000000001,AP,0
54,Andhra Pradesh,2020-05-11,0.8,0.22,1.41,0.58,1.08,AP,0
55,Assam,2020-04-26,3.0,1.01,6.99,2.04,4.45,AS,1
56,Assam,2020-04-27,2.88,0.99,6.28,1.99,4.16,AS,1
57,Assam,2020-04-28,2.7800000000000002,0.9400000000000001,5.8100000000000005,2.0,4.0200000000000005,AS,1
58,Assam,2020-04-29,2.7,0.97,5.5600000000000005,1.87,3.77,AS,1
59,Assam,2020-04-30,2.63,0.93,5.3,1.9100000000000001,3.73,AS,1
60,Assam,2020-05-01,2.57,0.89,5.09,1.86,3.61,AS,1
61,Assam,2020-05-02,2.52,0.89,4.96,1.79,3.48,AS,1
62,Assam,2020-05-03,2.47,0.87,4.83,1.82,3.47,AS,1
63,Assam,2020-05-04,2.65,0.98,5.0,1.98,3.66,AS,1
64,Assam,2020-05-05,2.54,0.93,4.74,1.8900000000000001,3.48,AS,1
65,Assam,2020-05-06,2.64,1.01,4.76,1.93,3.49,AS,1
66,Assam,2020-05-07,2.5,0.9500000000000001,4.48,1.8800000000000001,3.35,AS,1
67,Assam,2020-05-08,2.39,0.87,4.23,1.8,3.2,AS,1
68,Assam,2020-05-09,2.29,0.81,4.04,1.69,3.0300000000000002,AS,1
69,Assam,2020-05-10,2.21,0.78,3.91,1.67,2.97,AS,1
70,Assam,2020-05-11,2.14,0.76,3.81,1.58,2.84,AS,1
71,Bihar,2020-03-22,3.0,1.01,6.99,2.04,4.45,BR,0
72,Bihar,2020-03-23,2.88,0.99,6.28,1.99,4.16,BR,0
73,Bihar,2020-03-24,2.7800000000000002,0.9400000000000001,5.8100000000000005,2.0,4.0200000000000005,BR,0
74,Bihar,2020-03-25,3.02,1.08,5.99,2.15,4.2,BR,0
75,Bihar,2020-03-26,2.83,1.03,5.43,2.02,3.86,BR,0
76,Bihar,2020-03-27,2.68,0.99,5.0600000000000005,2.0100000000000002,3.72,BR,0
77,Bihar,2020-03-28,2.57,0.97,4.8100000000000005,1.93,3.54,BR,0
78,Bihar,2020-03-29,2.68,1.06,4.84,1.99,3.5700000000000003,BR,0
79,Bihar,2020-03-30,2.5300000000000002,0.99,4.53,1.9100000000000001,3.39,BR,0
80,Bihar,2020-03-31,2.41,0.92,4.28,1.8,3.2,BR,0
81,Bihar,2020-04-01,2.31,0.85,4.07,1.72,3.06,BR,0
82,Bihar,2020-04-02,2.23,0.84,3.96,1.71,3.0100000000000002,BR,0
83,Bihar,2020-04-03,2.04,0.66,3.64,1.51,2.75,BR,0
84,Bihar,2020-04-04,2.0,0.65,3.6,1.41,2.63,BR,0
85,Bihar,2020-04-05,2.08,0.72,3.68,1.57,2.8000000000000003,BR,0
86,Bihar,2020-04-06,2.15,0.77,3.7,1.58,2.79,BR,0
87,Bihar,2020-04-07,2.07,0.74,3.59,1.57,2.75,BR,0
88,Bihar,2020-04-08,2.0,0.6900000000000001,3.47,1.5,2.65,BR,0
89,Bihar,2020-04-09,2.04,0.74,3.48,1.54,2.67,BR,0
90,Bihar,2020-04-10,1.96,0.7000000000000001,3.37,1.48,2.58,BR,0
91,Bihar,2020-04-11,1.81,0.56,3.15,1.31,2.38,BR,0
92,Bihar,2020-04-12,1.77,0.48,3.0300000000000002,1.3,2.36,BR,0
93,Bihar,2020-04-13,1.73,0.45,2.97,1.27,2.32,BR,0
94,Bihar,2020-04-14,1.6,0.38,2.85,1.16,2.2,BR,0
95,Bihar,2020-04-15,1.67,0.44,2.93,1.21,2.25,BR,0
96,Bihar,2020-04-16,1.72,0.5,2.99,1.23,2.2600000000000002,BR,0
97,Bihar,2020-04-17,1.83,0.6,3.0700000000000003,1.3800000000000001,2.4,BR,0
98,Bihar,2020-04-18,1.84,0.66,3.08,1.43,2.43,BR,0
99,Bihar,2020-04-19,1.98,0.8200000000000001,3.17,1.59,2.56,BR,0
100,Bihar,2020-04-20,2.14,1.0,3.24,1.72,2.64,BR,0
101,Bihar,2020-04-21,2.16,1.12,3.24,1.78,2.65,BR,0
102,Bihar,2020-04-22,2.2,1.21,3.2,1.85,2.67,BR,0
103,Bihar,2020-04-23,2.2800000000000002,1.36,3.22,1.97,2.74,BR,0
104,Bihar,2020-04-24,2.18,1.32,3.06,1.8800000000000001,2.6,BR,0
105,Bihar,2020-04-25,2.08,1.27,2.91,1.81,2.49,BR,0
106,Bihar,2020-04-26,1.93,1.1500000000000001,2.71,1.6300000000000001,2.27,BR,0
107,Bihar,2020-04-27,1.81,1.06,2.56,1.55,2.17,BR,0
108,Bihar,2020-04-28,1.6600000000000001,0.9500000000000001,2.41,1.4000000000000001,2.0,BR,0
109,Bihar,2020-04-29,1.52,0.8,2.23,1.26,1.85,BR,0
110,Bihar,2020-04-30,1.4000000000000001,0.71,2.13,1.11,1.69,BR,0
111,Bihar,2020-05-01,1.27,0.59,2.0100000000000002,1.0,1.58,BR,0
112,Bihar,2020-05-02,1.11,0.42,1.84,0.88,1.47,BR,0
113,Bihar,2020-05-03,1.04,0.35000000000000003,1.78,0.77,1.36,BR,0
114,Bihar,2020-05-04,0.96,0.26,1.69,0.7000000000000001,1.3,BR,0
115,Bihar,2020-05-05,0.96,0.25,1.7,0.6900000000000001,1.3,BR,0
116,Bihar,2020-05-06,1.05,0.32,1.81,0.77,1.3900000000000001,BR,0
117,Bihar,2020-05-07,1.19,0.45,1.96,0.91,1.53,BR,0
118,Bihar,2020-05-08,1.29,0.56,2.06,1.04,1.6600000000000001,BR,0
119,Bihar,2020-05-09,1.42,0.71,2.18,1.1400000000000001,1.74,BR,0
120,Bihar,2020-05-10,1.52,0.84,2.27,1.29,1.8800000000000001,BR,0
121,Bihar,2020-05-11,1.59,0.92,2.3000000000000003,1.36,1.93,BR,0
122,Chandigarh,2020-04-15,3.0,1.01,6.99,2.04,4.45,CH,0
123,Chandigarh,2020-04-16,2.88,0.99,6.28,1.99,4.16,CH,0
124,Chandigarh,2020-04-17,2.7800000000000002,0.9400000000000001,5.8100000000000005,2.0,4.0200000000000005,CH,0
125,Chandigarh,2020-04-18,2.7,0.97,5.5600000000000005,1.87,3.77,CH,0
126,Chandigarh,2020-04-19,2.63,0.93,5.3,1.9100000000000001,3.73,CH,0
127,Chandigarh,2020-04-20,2.57,0.89,5.09,1.86,3.61,CH,0
128,Chandigarh,2020-04-21,2.52,0.89,4.96,1.79,3.48,CH,0
129,Chandigarh,2020-04-22,2.47,0.87,4.83,1.82,3.47,CH,0
130,Chandigarh,2020-04-23,2.65,0.98,5.0,1.98,3.66,CH,0
131,Chandigarh,2020-04-24,2.75,1.06,4.99,2.0300000000000002,3.67,CH,0
132,Chandigarh,2020-04-25,2.79,1.1400000000000001,4.89,2.15,3.72,CH,0
133,Chandigarh,2020-04-26,2.94,1.3,4.88,2.23,3.72,CH,0
134,Chandigarh,2020-04-27,2.8000000000000003,1.29,4.57,2.17,3.5300000000000002,CH,0
135,Chandigarh,2020-04-28,2.67,1.23,4.25,2.05,3.3000000000000003,CH,0
136,Chandigarh,2020-04-29,2.54,1.21,4.0200000000000005,1.99,3.15,CH,0
137,Chandigarh,2020-04-30,2.34,1.07,3.69,1.81,2.89,CH,0
138,Chandigarh,2020-05-01,2.18,1.0,3.49,1.75,2.7800000000000002,CH,0
139,Chandigarh,2020-05-02,1.98,0.8300000000000001,3.21,1.53,2.5100000000000002,CH,0
140,Chandigarh,2020-05-03,1.8900000000000001,0.79,3.11,1.43,2.38,CH,0
141,Chandigarh,2020-05-04,1.82,0.71,2.97,1.4000000000000001,2.33,CH,0
142,Chandigarh,2020-05-05,1.8800000000000001,0.8,3.02,1.44,2.35,CH,0
143,Chandigarh,2020-05-06,1.8,0.73,2.89,1.41,2.3000000000000003,CH,0
144,Chandigarh,2020-05-07,1.73,0.71,2.83,1.35,2.22,CH,0
145,Chandigarh,2020-05-08,1.72,0.72,2.8000000000000003,1.32,2.17,CH,0
146,Chandigarh,2020-05-09,1.6600000000000001,0.68,2.72,1.31,2.15,CH,0
147,Chandigarh,2020-05-10,1.6,0.61,2.61,1.21,2.0300000000000002,CH,0
148,Chandigarh,2020-05-11,1.55,0.56,2.5300000000000002,1.18,1.99,CH,0
149,Delhi,2020-03-14,3.0,1.01,6.99,2.04,4.45,DL,0
150,Delhi,2020-03-15,2.7800000000000002,1.01,5.86,1.99,4.0,DL,0
151,Delhi,2020-03-16,2.62,0.93,5.24,1.9000000000000001,3.7,DL,0
152,Delhi,2020-03-17,2.75,1.06,5.25,2.05,3.81,DL,0
153,Delhi,2020-03-18,2.57,0.99,4.78,1.9100000000000001,3.5,DL,0
154,Delhi,2020-03-19,2.43,0.9,4.42,1.84,3.3200000000000003,DL,0
155,Delhi,2020-03-20,2.32,0.86,4.19,1.69,3.08,DL,0
156,Delhi,2020-03-21,2.23,0.84,4.03,1.6600000000000001,2.99,DL,0
157,Delhi,2020-03-22,2.16,0.81,3.89,1.59,2.87,DL,0
158,Delhi,2020-03-23,2.09,0.76,3.75,1.53,2.77,DL,0
159,Delhi,2020-03-24,2.04,0.73,3.65,1.5,2.71,DL,0
160,Delhi,2020-03-25,2.1,0.73,3.62,1.57,2.77,DL,0
161,Delhi,2020-03-26,2.36,1.0,3.89,1.85,3.0500000000000003,DL,0
162,Delhi,2020-03-27,2.42,1.11,3.87,1.8900000000000001,3.0300000000000002,DL,0
163,Delhi,2020-03-28,2.6,1.36,3.98,2.12,3.2,DL,0
164,Delhi,2020-03-29,3.2,2.02,4.43,2.73,3.72,DL,0
165,Delhi,2020-03-30,3.3200000000000003,2.27,4.36,2.93,3.79,DL,0
166,Delhi,2020-03-31,3.16,2.2800000000000002,4.1,2.84,3.59,DL,0
167,Delhi,2020-04-01,2.95,2.15,3.75,2.66,3.3200000000000003,DL,0
168,Delhi,2020-04-02,2.61,1.9000000000000001,3.35,2.36,2.96,DL,0
169,Delhi,2020-04-03,2.31,1.67,3.02,2.04,2.59,DL,0
170,Delhi,2020-04-04,2.1,1.48,2.75,1.84,2.36,DL,0
171,Delhi,2020-04-05,1.86,1.26,2.48,1.62,2.12,DL,0
172,Delhi,2020-04-06,1.83,1.27,2.46,1.6300000000000001,2.12,DL,0
173,Delhi,2020-04-07,1.76,1.19,2.34,1.58,2.06,DL,0
174,Delhi,2020-04-08,1.73,1.18,2.3000000000000003,1.52,1.98,DL,0
175,Delhi,2020-04-09,1.99,1.46,2.54,1.82,2.27,DL,0
176,Delhi,2020-04-10,1.95,1.45,2.48,1.79,2.22,DL,0
177,Delhi,2020-04-11,1.82,1.34,2.33,1.6600000000000001,2.07,DL,0
178,Delhi,2020-04-12,1.6400000000000001,1.16,2.12,1.48,1.8800000000000001,DL,0
179,Delhi,2020-04-13,1.42,0.96,1.9100000000000001,1.24,1.6300000000000001,DL,0
180,Delhi,2020-04-14,1.3,0.85,1.8,1.1300000000000001,1.52,DL,0
181,Delhi,2020-04-15,1.1,0.63,1.58,0.92,1.31,DL,0
182,Delhi,2020-04-16,0.97,0.51,1.48,0.81,1.21,DL,0
183,Delhi,2020-04-17,0.9400000000000001,0.46,1.44,0.79,1.2,DL,0
184,Delhi,2020-04-18,0.79,0.3,1.29,0.61,1.02,DL,0
185,Delhi,2020-04-19,0.92,0.44,1.46,0.75,1.17,DL,0
186,Delhi,2020-04-20,1.04,0.56,1.58,0.87,1.29,DL,0
187,Delhi,2020-04-21,1.07,0.58,1.59,0.91,1.33,DL,0
188,Delhi,2020-04-22,1.24,0.76,1.76,1.06,1.47,DL,0
189,Delhi,2020-04-23,1.29,0.81,1.79,1.1400000000000001,1.55,DL,0
190,Delhi,2020-04-24,1.42,0.96,1.92,1.27,1.67,DL,0
191,Delhi,2020-04-25,1.47,1.02,1.95,1.33,1.72,DL,0
192,Delhi,2020-04-26,1.42,0.98,1.8900000000000001,1.28,1.6600000000000001,DL,0
193,Delhi,2020-04-27,1.3800000000000001,0.9500000000000001,1.84,1.24,1.61,DL,0
194,Delhi,2020-04-28,1.43,1.01,1.8900000000000001,1.27,1.6300000000000001,DL,0
195,Delhi,2020-04-29,1.52,1.11,1.97,1.35,1.7,DL,0
196,Delhi,2020-04-30,1.6,1.19,2.02,1.43,1.77,DL,0
197,Delhi,2020-05-01,1.53,1.1500000000000001,1.96,1.37,1.7,DL,0
198,Delhi,2020-05-02,1.6300000000000001,1.25,2.04,1.51,1.84,DL,0
199,Delhi,2020-05-03,1.67,1.29,2.05,1.55,1.87,DL,0
200,Delhi,2020-05-04,1.6300000000000001,1.28,2.02,1.52,1.83,DL,0
201,Delhi,2020-05-05,1.51,1.16,1.8800000000000001,1.4000000000000001,1.7,DL,0
202,Delhi,2020-05-06,1.3800000000000001,1.04,1.75,1.24,1.53,DL,0
203,Delhi,2020-05-07,1.21,0.88,1.59,1.08,1.37,DL,0
204,Delhi,2020-05-08,1.1,0.76,1.47,0.96,1.25,DL,0
205,Delhi,2020-05-09,1.05,0.7000000000000001,1.41,0.9400000000000001,1.24,DL,0
206,Delhi,2020-05-10,1.06,0.72,1.44,0.9500000000000001,1.25,DL,0
207,Delhi,2020-05-11,0.96,0.62,1.34,0.85,1.1500000000000001,DL,0
208,Gujarat,2020-03-16,3.0,1.01,6.99,2.04,4.45,GJ,0
209,Gujarat,2020-03-17,2.88,0.99,6.28,1.99,4.16,GJ,0
210,Gujarat,2020-03-18,3.14,1.1300000000000001,6.42,2.2,4.4,GJ,0
211,Gujarat,2020-03-19,3.25,1.28,6.18,2.39,4.45,GJ,0
212,Gujarat,2020-03-20,3.21,1.34,5.75,2.44,4.3,GJ,0
213,Gujarat,2020-03-21,3.1,1.35,5.3100000000000005,2.42,4.09,GJ,0
214,Gujarat,2020-03-22,2.77,1.22,4.73,2.14,3.61,GJ,0
215,Gujarat,2020-03-23,2.71,1.19,4.46,2.13,3.5,GJ,0
216,Gujarat,2020-03-24,2.49,1.11,4.13,1.95,3.21,GJ,0
217,Gujarat,2020-03-25,2.33,1.01,3.85,1.81,2.99,GJ,0
218,Gujarat,2020-03-26,2.2,0.9500000000000001,3.66,1.67,2.79,GJ,0
219,Gujarat,2020-03-27,2.1,0.89,3.5,1.6300000000000001,2.71,GJ,0
220,Gujarat,2020-03-28,2.0100000000000002,0.84,3.37,1.59,2.64,GJ,0
221,Gujarat,2020-03-29,1.93,0.76,3.22,1.51,2.5300000000000002,GJ,0
222,Gujarat,2020-03-30,1.95,0.8,3.22,1.52,2.52,GJ,0
223,Gujarat,2020-03-31,1.87,0.75,3.11,1.42,2.39,GJ,0
224,Gujarat,2020-04-01,1.8800000000000001,0.78,3.1,1.42,2.37,GJ,0
225,Gujarat,2020-04-02,1.87,0.75,3.0100000000000002,1.45,2.38,GJ,0
226,Gujarat,2020-04-03,1.93,0.85,3.06,1.53,2.44,GJ,0
227,Gujarat,2020-04-04,1.95,0.91,3.0500000000000003,1.57,2.45,GJ,0
228,Gujarat,2020-04-05,2.18,1.17,3.22,1.76,2.6,GJ,0
229,Gujarat,2020-04-06,2.45,1.5,3.42,2.1,2.89,GJ,0
230,Gujarat,2020-04-07,2.64,1.77,3.5300000000000002,2.35,3.08,GJ,0
231,Gujarat,2020-04-08,2.56,1.75,3.35,2.27,2.93,GJ,0
232,Gujarat,2020-04-09,2.48,1.76,3.23,2.24,2.85,GJ,0
233,Gujarat,2020-04-10,2.33,1.6400000000000001,3.0,2.08,2.64,GJ,0
234,Gujarat,2020-04-11,2.22,1.6,2.88,2.0100000000000002,2.54,GJ,0
235,Gujarat,2020-04-12,2.15,1.57,2.7800000000000002,1.95,2.45,GJ,0
236,Gujarat,2020-04-13,2.13,1.55,2.69,1.92,2.39,GJ,0
237,Gujarat,2020-04-14,2.15,1.61,2.69,1.97,2.42,GJ,0
238,Gujarat,2020-04-15,2.25,1.74,2.7600000000000002,2.06,2.48,GJ,0
239,Gujarat,2020-04-16,2.23,1.77,2.73,2.08,2.48,GJ,0
240,Gujarat,2020-04-17,2.19,1.76,2.67,2.0100000000000002,2.38,GJ,0
241,Gujarat,2020-04-18,2.08,1.6600000000000001,2.52,1.95,2.31,GJ,0
242,Gujarat,2020-04-19,1.8900000000000001,1.5,2.33,1.74,2.08,GJ,0
243,Gujarat,2020-04-20,1.68,1.3,2.11,1.53,1.86,GJ,0
244,Gujarat,2020-04-21,1.49,1.1,1.8900000000000001,1.37,1.7,GJ,0
245,Gujarat,2020-04-22,1.34,0.96,1.75,1.21,1.54,GJ,0
246,Gujarat,2020-04-23,1.2,0.8200000000000001,1.61,1.08,1.41,GJ,0
247,Gujarat,2020-04-24,1.09,0.71,1.51,0.96,1.29,GJ,0
248,Gujarat,2020-04-25,1.1300000000000001,0.75,1.55,0.99,1.32,GJ,0
249,Gujarat,2020-04-26,1.16,0.78,1.58,1.03,1.36,GJ,0
250,Gujarat,2020-04-27,1.21,0.8300000000000001,1.62,1.09,1.42,GJ,0
251,Gujarat,2020-04-28,1.27,0.89,1.67,1.12,1.44,GJ,0
252,Gujarat,2020-04-29,1.33,0.97,1.74,1.21,1.53,GJ,0
253,Gujarat,2020-04-30,1.35,0.97,1.72,1.21,1.52,GJ,0
254,Gujarat,2020-05-01,1.3900000000000001,1.04,1.78,1.28,1.59,GJ,0
255,Gujarat,2020-05-02,1.3900000000000001,1.05,1.78,1.27,1.57,GJ,0
256,Gujarat,2020-05-03,1.37,1.03,1.74,1.27,1.57,GJ,0
257,Gujarat,2020-05-04,1.32,0.98,1.68,1.2,1.49,GJ,0
258,Gujarat,2020-05-05,1.27,0.92,1.61,1.16,1.45,GJ,0
259,Gujarat,2020-05-06,1.22,0.89,1.58,1.12,1.41,GJ,0
260,Gujarat,2020-05-07,1.1500000000000001,0.8300000000000001,1.52,1.01,1.29,GJ,0
261,Gujarat,2020-05-08,1.09,0.77,1.46,0.96,1.24,GJ,0
262,Gujarat,2020-05-09,1.05,0.72,1.41,0.91,1.19,GJ,0
263,Gujarat,2020-05-10,1.0,0.67,1.36,0.9,1.19,GJ,0
264,Gujarat,2020-05-11,0.99,0.65,1.34,0.88,1.17,GJ,0
265,Haryana,2020-03-14,3.0,1.01,6.99,2.04,4.45,HR,0
266,Haryana,2020-03-15,2.37,0.87,4.89,1.7,3.37,HR,0
267,Haryana,2020-03-16,2.25,0.8200000000000001,4.45,1.67,3.19,HR,0
268,Haryana,2020-03-17,2.0,0.72,3.97,1.44,2.79,HR,0
269,Haryana,2020-03-18,1.96,0.7000000000000001,3.86,1.4000000000000001,2.71,HR,0
270,Haryana,2020-03-19,1.8,0.6,3.59,1.31,2.5500000000000003,HR,0
271,Haryana,2020-03-20,1.92,0.62,3.69,1.42,2.7,HR,0
272,Haryana,2020-03-21,1.8900000000000001,0.62,3.64,1.35,2.6,HR,0
273,Haryana,2020-03-22,1.86,0.58,3.5500000000000003,1.33,2.56,HR,0
274,Haryana,2020-03-23,1.84,0.56,3.49,1.36,2.58,HR,0
275,Haryana,2020-03-24,1.81,0.55,3.45,1.29,2.49,HR,0
276,Haryana,2020-03-25,1.79,0.52,3.39,1.28,2.47,HR,0
277,Haryana,2020-03-26,1.77,0.48,3.3200000000000003,1.26,2.44,HR,0
278,Haryana,2020-03-27,1.74,0.43,3.24,1.22,2.39,HR,0
279,Haryana,2020-03-28,1.72,0.42,3.21,1.25,2.42,HR,0
280,Haryana,2020-03-29,1.7,0.4,3.17,1.2,2.36,HR,0
281,Haryana,2020-03-30,1.79,0.45,3.25,1.3,2.47,HR,0
282,Haryana,2020-03-31,1.97,0.61,3.44,1.44,2.61,HR,0
283,Haryana,2020-04-01,1.99,0.65,3.41,1.48,2.62,HR,0
284,Haryana,2020-04-02,2.1,0.8,3.49,1.62,2.73,HR,0
285,Haryana,2020-04-03,2.25,0.99,3.5700000000000003,1.76,2.82,HR,0
286,Haryana,2020-04-04,2.31,1.1300000000000001,3.56,1.87,2.87,HR,0
287,Haryana,2020-04-05,2.25,1.1300000000000001,3.4,1.87,2.81,HR,0
288,Haryana,2020-04-06,2.12,1.1,3.24,1.75,2.63,HR,0
289,Haryana,2020-04-07,1.9100000000000001,0.91,2.94,1.57,2.41,HR,0
290,Haryana,2020-04-08,1.8,0.84,2.8000000000000003,1.48,2.29,HR,0
291,Haryana,2020-04-09,1.57,0.63,2.54,1.25,2.04,HR,0
292,Haryana,2020-04-10,1.42,0.49,2.37,1.1,1.8800000000000001,HR,0
293,Haryana,2020-04-11,1.3,0.38,2.24,0.92,1.69,HR,0
294,Haryana,2020-04-12,1.18,0.27,2.1,0.87,1.6500000000000001,HR,0
295,Haryana,2020-04-13,1.12,0.2,2.0100000000000002,0.77,1.55,HR,0
296,Haryana,2020-04-14,1.17,0.19,2.0300000000000002,0.8,1.59,HR,0
297,Haryana,2020-04-15,1.21,0.24,2.11,0.86,1.6600000000000001,HR,0
298,Haryana,2020-04-16,1.19,0.24,2.11,0.8300000000000001,1.6300000000000001,HR,0
299,Haryana,2020-04-17,1.18,0.24,2.11,0.8,1.6,HR,0
300,Haryana,2020-04-18,1.17,0.2,2.06,0.84,1.6500000000000001,HR,0
301,Haryana,2020-04-19,1.1500000000000001,0.21,2.07,0.8200000000000001,1.6300000000000001,HR,0
302,Haryana,2020-04-20,1.1400000000000001,0.18,2.0300000000000002,0.8,1.61,HR,0
303,Haryana,2020-04-21,1.1300000000000001,0.19,2.04,0.78,1.59,HR,0
304,Haryana,2020-04-22,1.07,0.14,1.95,0.73,1.54,HR,0
305,Haryana,2020-04-23,1.06,0.13,1.94,0.7000000000000001,1.51,HR,0
306,Haryana,2020-04-24,1.05,0.13,1.94,0.67,1.48,HR,0
307,Haryana,2020-04-25,1.04,0.12,1.93,0.71,1.53,HR,0
308,Haryana,2020-04-26,1.09,0.16,2.0100000000000002,0.71,1.53,HR,0
309,Haryana,2020-04-27,1.19,0.18,2.08,0.85,1.68,HR,0
310,Haryana,2020-04-28,1.23,0.24,2.15,0.86,1.68,HR,0
311,Haryana,2020-04-29,1.46,0.5,2.46,1.12,1.93,HR,0
312,Haryana,2020-04-30,1.69,0.74,2.63,1.37,2.15,HR,0
313,Haryana,2020-05-01,1.85,0.96,2.75,1.55,2.29,HR,0
314,Haryana,2020-05-02,1.94,1.12,2.81,1.62,2.31,HR,0
315,Haryana,2020-05-03,1.94,1.17,2.7600000000000002,1.6400000000000001,2.29,HR,0
316,Haryana,2020-05-04,1.83,1.11,2.62,1.57,2.19,HR,0
317,Haryana,2020-05-05,1.69,1.0,2.45,1.46,2.06,HR,0
318,Haryana,2020-05-06,1.56,0.85,2.25,1.32,1.9000000000000001,HR,0
319,Haryana,2020-05-07,1.4000000000000001,0.73,2.11,1.17,1.74,HR,0
320,Haryana,2020-05-08,1.25,0.58,1.95,0.97,1.53,HR,0
321,Haryana,2020-05-09,1.12,0.44,1.81,0.9,1.47,HR,0
322,Haryana,2020-05-10,1.11,0.43,1.81,0.86,1.43,HR,0
323,Haryana,2020-05-11,1.04,0.38,1.77,0.77,1.34,HR,0
324,Himachal Pradesh,2020-05-03,3.0,1.01,6.99,2.04,4.45,HP,1
325,Himachal Pradesh,2020-05-04,2.88,0.99,6.28,1.99,4.16,HP,1
326,Himachal Pradesh,2020-05-05,2.7800000000000002,0.9400000000000001,5.8100000000000005,2.0,4.0200000000000005,HP,1
327,Himachal Pradesh,2020-05-06,3.02,1.08,5.99,2.15,4.2,HP,1
328,Himachal Pradesh,2020-05-07,2.83,1.03,5.43,2.02,3.86,HP,1
329,Himachal Pradesh,2020-05-08,2.94,1.1400000000000001,5.39,2.22,4.01,HP,1
330,Himachal Pradesh,2020-05-09,2.73,1.09,4.95,2.06,3.68,HP,1
331,Himachal Pradesh,2020-05-10,2.57,1.0,4.59,1.9000000000000001,3.4,HP,1
332,Himachal Pradesh,2020-05-11,2.44,0.96,4.36,1.85,3.27,HP,1
333,India,2020-03-14,3.0,1.01,6.99,2.04,4.45,India,0
334,India,2020-03-15,1.58,0.65,2.86,1.22,2.15,India,0
335,India,2020-03-16,1.44,0.62,2.49,1.11,1.8900000000000001,India,0
336,India,2020-03-17,1.43,0.64,2.36,1.1500000000000001,1.87,India,0
337,India,2020-03-18,1.46,0.6900000000000001,2.31,1.16,1.83,India,0
338,India,2020-03-19,1.57,0.8200000000000001,2.36,1.31,1.95,India,0
339,India,2020-03-20,1.6600000000000001,0.96,2.42,1.3900000000000001,1.99,India,0
340,India,2020-03-21,1.78,1.1300000000000001,2.5100000000000002,1.55,2.12,India,0
341,India,2020-03-22,1.77,1.1300000000000001,2.42,1.52,2.05,India,0
342,India,2020-03-23,1.81,1.23,2.46,1.62,2.13,India,0
343,India,2020-03-24,1.82,1.24,2.4,1.61,2.09,India,0
344,India,2020-03-25,1.75,1.2,2.31,1.56,2.02,India,0
345,India,2020-03-26,1.77,1.25,2.32,1.58,2.02,India,0
346,India,2020-03-27,1.8800000000000001,1.37,2.39,1.69,2.11,India,0
347,India,2020-03-28,2.05,1.58,2.5500000000000003,1.8800000000000001,2.2800000000000002,India,0
348,India,2020-03-29,2.25,1.81,2.72,2.11,2.49,India,0
349,India,2020-03-30,2.39,1.99,2.84,2.25,2.6,India,0
350,India,2020-03-31,2.43,2.05,2.83,2.2800000000000002,2.6,India,0
351,India,2020-04-01,2.36,2.0100000000000002,2.74,2.23,2.5300000000000002,India,0
352,India,2020-04-02,2.19,1.86,2.5500000000000003,2.05,2.33,India,0
353,India,2020-04-03,2.02,1.71,2.37,1.9000000000000001,2.17,India,0
354,India,2020-04-04,1.81,1.49,2.12,1.7,1.96,India,0
355,India,2020-04-05,1.68,1.3800000000000001,2.0,1.58,1.84,India,0
356,India,2020-04-06,1.58,1.29,1.9000000000000001,1.47,1.72,India,0
357,India,2020-04-07,1.52,1.24,1.84,1.43,1.68,India,0
358,India,2020-04-08,1.46,1.19,1.78,1.36,1.6,India,0
359,India,2020-04-09,1.54,1.26,1.83,1.46,1.7,India,0
360,India,2020-04-10,1.55,1.29,1.85,1.46,1.69,India,0
361,India,2020-04-11,1.52,1.25,1.79,1.44,1.67,India,0
362,India,2020-04-12,1.48,1.22,1.75,1.3900000000000001,1.61,India,0
363,India,2020-04-13,1.3900000000000001,1.1300000000000001,1.6500000000000001,1.31,1.53,India,0
364,India,2020-04-14,1.35,1.11,1.6300000000000001,1.25,1.46,India,0
365,India,2020-04-15,1.3800000000000001,1.1400000000000001,1.6500000000000001,1.29,1.5,India,0
366,India,2020-04-16,1.36,1.12,1.62,1.28,1.49,India,0
367,India,2020-04-17,1.41,1.18,1.67,1.32,1.52,India,0
368,India,2020-04-18,1.33,1.1,1.58,1.25,1.45,India,0
369,India,2020-04-19,1.37,1.1400000000000001,1.61,1.31,1.51,India,0
370,India,2020-04-20,1.35,1.12,1.58,1.26,1.45,India,0
371,India,2020-04-21,1.34,1.1300000000000001,1.59,1.27,1.46,India,0
372,India,2020-04-22,1.31,1.1,1.55,1.25,1.44,India,0
373,India,2020-04-23,1.22,0.99,1.43,1.16,1.35,India,0
374,India,2020-04-24,1.2,0.99,1.43,1.12,1.3,India,0
375,India,2020-04-25,1.21,1.01,1.45,1.1400000000000001,1.32,India,0
376,India,2020-04-26,1.18,0.97,1.4000000000000001,1.11,1.29,India,0
377,India,2020-04-27,1.28,1.08,1.51,1.21,1.3900000000000001,India,0
378,India,2020-04-28,1.32,1.12,1.54,1.26,1.44,India,0
379,India,2020-04-29,1.45,1.26,1.67,1.3800000000000001,1.55,India,0
380,India,2020-04-30,1.58,1.4000000000000001,1.8,1.53,1.7,India,0
381,India,2020-05-01,1.61,1.42,1.8,1.55,1.71,India,0
382,India,2020-05-02,1.6600000000000001,1.48,1.85,1.58,1.73,India,0
383,India,2020-05-03,1.59,1.42,1.78,1.53,1.68,India,0
384,India,2020-05-04,1.51,1.35,1.7,1.46,1.61,India,0
385,India,2020-05-05,1.3900000000000001,1.22,1.56,1.32,1.46,India,0
386,India,2020-05-06,1.34,1.18,1.52,1.29,1.43,India,0
387,India,2020-05-07,1.24,1.08,1.41,1.19,1.33,India,0
388,India,2020-05-08,1.16,1.0,1.33,1.11,1.25,India,0
389,India,2020-05-09,1.09,0.93,1.26,1.04,1.18,India,0
390,India,2020-05-10,1.1300000000000001,0.97,1.3,1.08,1.22,India,0
391,India,2020-05-11,1.08,0.93,1.26,1.03,1.17,India,0
392,Jammu and Kashmir,2020-03-21,3.0,1.01,6.99,2.04,4.45,JK,0
393,Jammu and Kashmir,2020-03-22,2.88,0.99,6.28,1.99,4.16,JK,0
394,Jammu and Kashmir,2020-03-23,3.14,1.1300000000000001,6.42,2.2,4.4,JK,0
395,Jammu and Kashmir,2020-03-24,3.25,1.28,6.18,2.39,4.45,JK,0
396,Jammu and Kashmir,2020-03-25,3.21,1.34,5.75,2.44,4.3,JK,0
397,Jammu and Kashmir,2020-03-26,3.1,1.35,5.3100000000000005,2.42,4.09,JK,0
398,Jammu and Kashmir,2020-03-27,2.96,1.34,4.92,2.3000000000000003,3.8000000000000003,JK,0
399,Jammu and Kashmir,2020-03-28,2.81,1.27,4.53,2.15,3.5100000000000002,JK,0
400,Jammu and Kashmir,2020-03-29,2.5500000000000003,1.19,4.17,2.0100000000000002,3.25,JK,0
401,Jammu and Kashmir,2020-03-30,2.47,1.1500000000000001,3.95,1.9100000000000001,3.0700000000000003,JK,0
402,Jammu and Kashmir,2020-03-31,2.29,1.06,3.69,1.82,2.91,JK,0
403,Jammu and Kashmir,2020-04-01,2.24,1.03,3.54,1.78,2.82,JK,0
404,Jammu and Kashmir,2020-04-02,2.1,0.97,3.37,1.6600000000000001,2.65,JK,0
405,Jammu and Kashmir,2020-04-03,2.07,0.92,3.23,1.67,2.63,JK,0
406,Jammu and Kashmir,2020-04-04,2.02,0.96,3.2,1.61,2.5300000000000002,JK,0
407,Jammu and Kashmir,2020-04-05,2.1,1.06,3.22,1.71,2.6,JK,0
408,Jammu and Kashmir,2020-04-06,2.08,1.09,3.16,1.7,2.5500000000000003,JK,0
409,Jammu and Kashmir,2020-04-07,2.05,1.09,3.0700000000000003,1.6500000000000001,2.46,JK,0
410,Jammu and Kashmir,2020-04-08,2.0,1.07,2.96,1.67,2.45,JK,0
411,Jammu and Kashmir,2020-04-09,1.9100000000000001,1.04,2.86,1.6,2.35,JK,0
412,Jammu and Kashmir,2020-04-10,1.79,0.9500000000000001,2.71,1.46,2.18,JK,0
413,Jammu and Kashmir,2020-04-11,1.7,0.86,2.57,1.37,2.07,JK,0
414,Jammu and Kashmir,2020-04-12,1.62,0.78,2.45,1.33,2.02,JK,0
415,Jammu and Kashmir,2020-04-13,1.48,0.67,2.32,1.19,1.87,JK,0
416,Jammu and Kashmir,2020-04-14,1.36,0.56,2.2,1.02,1.69,JK,0
417,Jammu and Kashmir,2020-04-15,1.29,0.5,2.14,0.96,1.6300000000000001,JK,0
418,Jammu and Kashmir,2020-04-16,1.27,0.47000000000000003,2.11,1.0,1.68,JK,0
419,Jammu and Kashmir,2020-04-17,1.21,0.42,2.06,0.93,1.61,JK,0
420,Jammu and Kashmir,2020-04-18,1.19,0.38,2.02,0.9,1.58,JK,0
421,Jammu and Kashmir,2020-04-19,1.21,0.41000000000000003,2.06,0.91,1.59,JK,0
422,Jammu and Kashmir,2020-04-20,1.23,0.42,2.07,0.92,1.6,JK,0
423,Jammu and Kashmir,2020-04-21,1.28,0.48,2.13,0.99,1.67,JK,0
424,Jammu and Kashmir,2020-04-22,1.36,0.5700000000000001,2.21,1.05,1.72,JK,0
425,Jammu and Kashmir,2020-04-23,1.3800000000000001,0.59,2.2,1.09,1.75,JK,0
426,Jammu and Kashmir,2020-04-24,1.37,0.5700000000000001,2.15,1.09,1.74,JK,0
427,Jammu and Kashmir,2020-04-25,1.33,0.56,2.12,1.04,1.68,JK,0
428,Jammu and Kashmir,2020-04-26,1.32,0.56,2.1,1.02,1.6500000000000001,JK,0
429,Jammu and Kashmir,2020-04-27,1.28,0.55,2.08,1.03,1.6600000000000001,JK,0
430,Jammu and Kashmir,2020-04-28,1.22,0.47000000000000003,1.98,0.9400000000000001,1.56,JK,0
431,Jammu and Kashmir,2020-04-29,1.23,0.47000000000000003,1.97,0.97,1.59,JK,0
432,Jammu and Kashmir,2020-04-30,1.17,0.41000000000000003,1.9000000000000001,0.92,1.54,JK,0
433,Jammu and Kashmir,2020-05-01,1.1500000000000001,0.42,1.9100000000000001,0.91,1.53,JK,0
434,Jammu and Kashmir,2020-05-02,1.16,0.44,1.93,0.88,1.49,JK,0
435,Jammu and Kashmir,2020-05-03,1.1500000000000001,0.41000000000000003,1.8900000000000001,0.88,1.49,JK,0
436,Jammu and Kashmir,2020-05-04,1.16,0.44,1.92,0.9,1.51,JK,0
437,Jammu and Kashmir,2020-05-05,1.08,0.37,1.84,0.8300000000000001,1.44,JK,0
438,Jammu and Kashmir,2020-05-06,1.04,0.31,1.77,0.79,1.4000000000000001,JK,0
439,Jammu and Kashmir,2020-05-07,1.01,0.28,1.74,0.74,1.35,JK,0
440,Jammu and Kashmir,2020-05-08,0.98,0.26,1.72,0.67,1.28,JK,0
441,Jammu and Kashmir,2020-05-09,0.98,0.23,1.69,0.72,1.34,JK,0
442,Jammu and Kashmir,2020-05-10,0.98,0.25,1.72,0.7000000000000001,1.32,JK,0
443,Jammu and Kashmir,2020-05-11,0.9500000000000001,0.21,1.67,0.64,1.26,JK,0
444,Jharkhand,2020-04-05,3.0,1.01,6.99,2.04,4.45,JH,0
445,Jharkhand,2020-04-06,2.88,0.99,6.28,1.99,4.16,JH,0
446,Jharkhand,2020-04-07,3.14,1.1300000000000001,6.42,2.2,4.4,JH,0
447,Jharkhand,2020-04-08,2.91,1.06,5.67,2.1,4.03,JH,0
448,Jharkhand,2020-04-09,3.02,1.21,5.63,2.27,4.13,JH,0
449,Jharkhand,2020-04-10,2.7800000000000002,1.12,5.08,2.07,3.73,JH,0
450,Jharkhand,2020-04-11,2.61,1.05,4.71,1.94,3.47,JH,0
451,Jharkhand,2020-04-12,2.48,0.9500000000000001,4.39,1.87,3.31,JH,0
452,Jharkhand,2020-04-13,2.37,0.89,4.17,1.78,3.15,JH,0
453,Jharkhand,2020-04-14,2.14,0.77,3.87,1.59,2.88,JH,0
454,Jharkhand,2020-04-15,2.23,0.81,3.91,1.67,2.96,JH,0
455,Jharkhand,2020-04-16,2.16,0.81,3.83,1.59,2.84,JH,0
456,Jharkhand,2020-04-17,2.1,0.72,3.66,1.55,2.77,JH,0
457,Jharkhand,2020-04-18,2.04,0.68,3.56,1.55,2.75,JH,0
458,Jharkhand,2020-04-19,1.99,0.65,3.48,1.43,2.6,JH,0
459,Jharkhand,2020-04-20,1.94,0.64,3.43,1.47,2.63,JH,0
460,Jharkhand,2020-04-21,2.0,0.71,3.49,1.51,2.66,JH,0
461,Jharkhand,2020-04-22,2.04,0.76,3.5,1.55,2.68,JH,0
462,Jharkhand,2020-04-23,2.16,0.89,3.58,1.69,2.8000000000000003,JH,0
463,Jharkhand,2020-04-24,2.05,0.8,3.38,1.54,2.6,JH,0
464,Jharkhand,2020-04-25,2.04,0.81,3.31,1.58,2.61,JH,0
465,Jharkhand,2020-04-26,2.02,0.84,3.2600000000000002,1.6,2.6,JH,0
466,Jharkhand,2020-04-27,1.84,0.71,3.0500000000000003,1.4000000000000001,2.36,JH,0
467,Jharkhand,2020-04-28,1.7,0.58,2.86,1.28,2.22,JH,0
468,Jharkhand,2020-04-29,1.59,0.48,2.72,1.19,2.12,JH,0
469,Jharkhand,2020-04-30,1.49,0.36,2.56,1.07,1.99,JH,0
470,Jharkhand,2020-05-01,1.4000000000000001,0.3,2.47,0.99,1.9100000000000001,JH,0
471,Jharkhand,2020-05-02,1.24,0.17,2.2600000000000002,0.85,1.77,JH,0
472,Jharkhand,2020-05-03,1.31,0.22,2.37,0.85,1.78,JH,0
473,Jharkhand,2020-05-04,1.37,0.24,2.43,0.91,1.85,JH,0
474,Jharkhand,2020-05-05,1.42,0.28,2.5,1.02,1.97,JH,0
475,Jharkhand,2020-05-06,1.47,0.29,2.52,1.08,2.0300000000000002,JH,0
476,Jharkhand,2020-05-07,1.44,0.31,2.52,1.03,1.97,JH,0
477,Jharkhand,2020-05-08,1.41,0.3,2.49,0.98,1.9100000000000001,JH,0
478,Jharkhand,2020-05-09,1.45,0.32,2.5100000000000002,1.06,1.99,JH,0
479,Jharkhand,2020-05-10,1.35,0.23,2.36,0.97,1.8900000000000001,JH,0
480,Jharkhand,2020-05-11,1.33,0.26,2.38,0.9,1.81,JH,0
481,Karnataka,2020-03-14,3.0,1.01,6.99,2.04,4.45,KA,0
482,Karnataka,2020-03-15,2.42,0.88,5.1000000000000005,1.76,3.5100000000000002,KA,0
483,Karnataka,2020-03-16,2.33,0.84,4.73,1.7,3.3200000000000003,KA,0
484,Karnataka,2020-03-17,2.2600000000000002,0.79,4.45,1.6600000000000001,3.19,KA,0
485,Karnataka,2020-03-18,2.38,0.86,4.5,1.71,3.23,KA,0
486,Karnataka,2020-03-19,2.27,0.8300000000000001,4.24,1.71,3.14,KA,0
487,Karnataka,2020-03-20,2.34,0.87,4.2,1.71,3.1,KA,0
488,Karnataka,2020-03-21,2.37,0.97,4.18,1.81,3.15,KA,0
489,Karnataka,2020-03-22,2.23,0.86,3.86,1.68,2.93,KA,0
490,Karnataka,2020-03-23,2.24,0.93,3.83,1.6600000000000001,2.86,KA,0
491,Karnataka,2020-03-24,2.22,0.9500000000000001,3.73,1.7,2.85,KA,0
492,Karnataka,2020-03-25,2.19,0.93,3.58,1.72,2.82,KA,0
493,Karnataka,2020-03-26,2.06,0.86,3.38,1.57,2.61,KA,0
494,Karnataka,2020-03-27,1.96,0.79,3.21,1.52,2.52,KA,0
495,Karnataka,2020-03-28,1.95,0.8,3.15,1.52,2.49,KA,0
496,Karnataka,2020-03-29,1.86,0.77,3.0500000000000003,1.45,2.39,KA,0
497,Karnataka,2020-03-30,1.78,0.72,2.94,1.35,2.2600000000000002,KA,0
498,Karnataka,2020-03-31,1.78,0.72,2.89,1.35,2.24,KA,0
499,Karnataka,2020-04-01,1.71,0.67,2.79,1.3,2.17,KA,0
500,Karnataka,2020-04-02,1.6500000000000001,0.63,2.71,1.29,2.15,KA,0
501,Karnataka,2020-04-03,1.59,0.61,2.66,1.2,2.04,KA,0
502,Karnataka,2020-04-04,1.55,0.56,2.58,1.17,2.0,KA,0
503,Karnataka,2020-04-05,1.56,0.59,2.59,1.19,2.0100000000000002,KA,0
504,Karnataka,2020-04-06,1.51,0.55,2.52,1.1500000000000001,1.96,KA,0
505,Karnataka,2020-04-07,1.42,0.46,2.4,1.05,1.85,KA,0
506,Karnataka,2020-04-08,1.44,0.48,2.41,1.1,1.9000000000000001,KA,0
507,Karnataka,2020-04-09,1.4000000000000001,0.44,2.35,1.05,1.84,KA,0
508,Karnataka,2020-04-10,1.42,0.48,2.38,1.1,1.8900000000000001,KA,0
509,Karnataka,2020-04-11,1.43,0.48,2.36,1.11,1.8900000000000001,KA,0
510,Karnataka,2020-04-12,1.48,0.56,2.42,1.17,1.94,KA,0
511,Karnataka,2020-04-13,1.56,0.68,2.5100000000000002,1.24,1.99,KA,0
512,Karnataka,2020-04-14,1.58,0.71,2.49,1.26,1.99,KA,0
513,Karnataka,2020-04-15,1.59,0.74,2.47,1.28,1.99,KA,0
514,Karnataka,2020-04-16,1.56,0.74,2.43,1.24,1.93,KA,0
515,Karnataka,2020-04-17,1.49,0.68,2.33,1.21,1.8900000000000001,KA,0
516,Karnataka,2020-04-18,1.4000000000000001,0.6,2.22,1.1300000000000001,1.8,KA,0
517,Karnataka,2020-04-19,1.29,0.47000000000000003,2.07,1.0,1.6600000000000001,KA,0
518,Karnataka,2020-04-20,1.23,0.45,2.05,0.9500000000000001,1.61,KA,0
519,Karnataka,2020-04-21,1.17,0.39,1.98,0.89,1.55,KA,0
520,Karnataka,2020-04-22,1.09,0.31,1.8900000000000001,0.8,1.46,KA,0
521,Karnataka,2020-04-23,1.08,0.27,1.85,0.74,1.4000000000000001,KA,0
522,Karnataka,2020-04-24,1.07,0.28,1.87,0.79,1.46,KA,0
523,Karnataka,2020-04-25,1.03,0.24,1.82,0.73,1.4000000000000001,KA,0
524,Karnataka,2020-04-26,1.06,0.27,1.87,0.79,1.47,KA,0
525,Karnataka,2020-04-27,1.05,0.25,1.85,0.77,1.45,KA,0
526,Karnataka,2020-04-28,1.05,0.25,1.85,0.75,1.43,KA,0
527,Karnataka,2020-04-29,1.04,0.24,1.84,0.73,1.41,KA,0
528,Karnataka,2020-04-30,1.07,0.25,1.86,0.75,1.43,KA,0
529,Karnataka,2020-05-01,1.1400000000000001,0.32,1.95,0.8200000000000001,1.5,KA,0
530,Karnataka,2020-05-02,1.19,0.37,2.0,0.91,1.59,KA,0
531,Karnataka,2020-05-03,1.17,0.35000000000000003,1.96,0.88,1.55,KA,0
532,Karnataka,2020-05-04,1.22,0.44,2.05,0.9,1.56,KA,0
533,Karnataka,2020-05-05,1.23,0.45,2.04,0.97,1.6300000000000001,KA,0
534,Karnataka,2020-05-06,1.33,0.5700000000000001,2.14,1.02,1.6600000000000001,KA,0
535,Karnataka,2020-05-07,1.35,0.61,2.15,1.07,1.7,KA,0
536,Karnataka,2020-05-08,1.36,0.62,2.12,1.11,1.73,KA,0
537,Karnataka,2020-05-09,1.34,0.61,2.08,1.1,1.71,KA,0
538,Karnataka,2020-05-10,1.32,0.62,2.07,1.09,1.69,KA,0
539,Karnataka,2020-05-11,1.31,0.62,2.05,1.07,1.6600000000000001,KA,0
540,Kerala,2020-03-14,3.0,1.01,6.99,2.04,4.45,KL,0
541,Kerala,2020-03-15,2.25,0.86,4.46,1.59,3.09,KL,0
542,Kerala,2020-03-16,1.94,0.68,3.7,1.3800000000000001,2.64,KL,0
543,Kerala,2020-03-17,1.86,0.68,3.5100000000000002,1.35,2.5300000000000002,KL,0
544,Kerala,2020-03-18,1.9000000000000001,0.71,3.47,1.3900000000000001,2.54,KL,0
545,Kerala,2020-03-19,1.93,0.74,3.41,1.3900000000000001,2.5,KL,0
546,Kerala,2020-03-20,2.0300000000000002,0.85,3.46,1.58,2.67,KL,0
547,Kerala,2020-03-21,2.08,0.92,3.42,1.6300000000000001,2.67,KL,0
548,Kerala,2020-03-22,2.09,0.9500000000000001,3.3200000000000003,1.7,2.69,KL,0
549,Kerala,2020-03-23,2.15,1.06,3.31,1.73,2.66,KL,0
550,Kerala,2020-03-24,2.1,1.1,3.22,1.68,2.5500000000000003,KL,0
551,Kerala,2020-03-25,1.94,0.97,2.96,1.57,2.39,KL,0
552,Kerala,2020-03-26,1.9100000000000001,1.01,2.92,1.59,2.38,KL,0
553,Kerala,2020-03-27,1.79,0.92,2.75,1.45,2.2,KL,0
554,Kerala,2020-03-28,1.69,0.84,2.61,1.3900000000000001,2.12,KL,0
555,Kerala,2020-03-29,1.61,0.76,2.48,1.31,2.02,KL,0
556,Kerala,2020-03-30,1.54,0.72,2.41,1.27,1.97,KL,0
557,Kerala,2020-03-31,1.45,0.62,2.2800000000000002,1.11,1.79,KL,0
558,Kerala,2020-04-01,1.33,0.53,2.18,1.04,1.72,KL,0
559,Kerala,2020-04-02,1.27,0.45,2.09,0.99,1.67,KL,0
560,Kerala,2020-04-03,1.17,0.33,1.96,0.88,1.56,KL,0
561,Kerala,2020-04-04,1.09,0.26,1.8800000000000001,0.77,1.45,KL,0
562,Kerala,2020-04-05,1.08,0.24,1.87,0.78,1.47,KL,0
563,Kerala,2020-04-06,1.03,0.23,1.86,0.75,1.45,KL,0
564,Kerala,2020-04-07,0.99,0.15,1.76,0.67,1.37,KL,0
565,Kerala,2020-04-08,0.9500000000000001,0.13,1.73,0.65,1.36,KL,0
566,Kerala,2020-04-09,0.9500000000000001,0.12,1.73,0.64,1.36,KL,0
567,Kerala,2020-04-10,0.9,0.09,1.68,0.58,1.3,KL,0
568,Kerala,2020-04-11,0.85,0.07,1.6400000000000001,0.51,1.23,KL,0
569,Kerala,2020-04-12,0.8,0.06,1.61,0.46,1.18,KL,0
570,Kerala,2020-04-13,0.73,0.02,1.54,0.44,1.16,KL,0
571,Kerala,2020-04-14,0.73,0.03,1.57,0.35000000000000003,1.07,KL,0
572,Kerala,2020-04-15,0.64,0.01,1.52,0.32,1.03,KL,0
573,Kerala,2020-04-16,0.63,0.01,1.54,0.33,1.05,KL,0
574,Kerala,2020-04-17,0.71,0.04,1.6400000000000001,0.39,1.1400000000000001,KL,0
575,Kerala,2020-04-18,0.79,0.05,1.71,0.47000000000000003,1.25,KL,0
576,Kerala,2020-04-19,0.86,0.05,1.76,0.53,1.33,KL,0
577,Kerala,2020-04-20,0.86,0.03,1.74,0.52,1.32,KL,0
578,Kerala,2020-04-21,0.93,0.07,1.83,0.54,1.35,KL,0
579,Kerala,2020-04-22,1.0,0.09,1.8900000000000001,0.61,1.43,KL,0
580,Kerala,2020-04-23,0.99,0.09,1.8800000000000001,0.65,1.47,KL,0
581,Kerala,2020-04-24,0.99,0.08,1.86,0.6,1.41,KL,0
582,Kerala,2020-04-25,0.98,0.11,1.8900000000000001,0.63,1.44,KL,0
583,Kerala,2020-04-26,0.92,0.09,1.82,0.58,1.3800000000000001,KL,0
584,Kerala,2020-04-27,0.85,0.05,1.73,0.46,1.24,KL,0
585,Kerala,2020-04-28,0.85,0.03,1.71,0.52,1.31,KL,0
586,Kerala,2020-04-29,0.78,0.03,1.67,0.42,1.19,KL,0
587,Kerala,2020-04-30,0.6,0.0,1.55,0.31,1.04,KL,0
588,Kerala,2020-05-01,0.46,0.01,1.53,0.27,0.98,KL,0
589,Kerala,2020-05-02,0.36,0.01,1.5,0.2,0.88,KL,0
590,Kerala,2020-05-03,0.32,0.0,1.46,0.14,0.79,KL,0
591,Kerala,2020-05-04,0.33,0.0,1.48,0.17,0.8300000000000001,KL,0
592,Kerala,2020-05-05,0.33,0.0,1.5,0.18,0.85,KL,0
593,Kerala,2020-05-06,0.33,0.0,1.52,0.13,0.8,KL,0
594,Kerala,2020-05-07,0.38,0.01,1.61,0.21,0.93,KL,0
595,Kerala,2020-05-08,0.38,0.0,1.61,0.14,0.86,KL,0
596,Kerala,2020-05-09,0.47000000000000003,0.0,1.69,0.24,1.01,KL,0
597,Kerala,2020-05-10,0.48,0.0,1.7,0.27,1.05,KL,0
598,Kerala,2020-05-11,0.61,0.02,1.8,0.31,1.1300000000000001,KL,0
599,Madhya Pradesh,2020-03-18,3.0,1.01,6.99,2.04,4.45,MP,0
600,Madhya Pradesh,2020-03-19,2.88,0.99,6.28,1.99,4.16,MP,0
601,Madhya Pradesh,2020-03-20,2.7800000000000002,0.9400000000000001,5.8100000000000005,2.0,4.0200000000000005,MP,0
602,Madhya Pradesh,2020-03-21,2.7,0.97,5.5600000000000005,1.87,3.77,MP,0
603,Madhya Pradesh,2020-03-22,2.92,1.07,5.71,2.12,4.0600000000000005,MP,0
604,Madhya Pradesh,2020-03-23,3.0300000000000002,1.2,5.64,2.19,4.05,MP,0
605,Madhya Pradesh,2020-03-24,3.0300000000000002,1.22,5.33,2.3000000000000003,4.03,MP,0
606,Madhya Pradesh,2020-03-25,2.7600000000000002,1.12,4.8,2.06,3.6,MP,0
607,Madhya Pradesh,2020-03-26,2.74,1.17,4.64,2.1,3.5500000000000003,MP,0
608,Madhya Pradesh,2020-03-27,2.83,1.29,4.58,2.18,3.5500000000000003,MP,0
609,Madhya Pradesh,2020-03-28,2.82,1.36,4.41,2.2600000000000002,3.5300000000000002,MP,0
610,Madhya Pradesh,2020-03-29,2.75,1.41,4.22,2.27,3.44,MP,0
611,Madhya Pradesh,2020-03-30,2.74,1.48,4.07,2.25,3.3200000000000003,MP,0
612,Madhya Pradesh,2020-03-31,2.67,1.52,3.9,2.22,3.2,MP,0
613,Madhya Pradesh,2020-04-01,2.57,1.51,3.7,2.16,3.06,MP,0
614,Madhya Pradesh,2020-04-02,2.5100000000000002,1.52,3.54,2.13,2.96,MP,0
615,Madhya Pradesh,2020-04-03,2.43,1.51,3.38,2.09,2.86,MP,0
616,Madhya Pradesh,2020-04-04,2.33,1.46,3.2,2.0300000000000002,2.75,MP,0
617,Madhya Pradesh,2020-04-05,2.27,1.47,3.1,1.97,2.64,MP,0
618,Madhya Pradesh,2020-04-06,2.14,1.3900000000000001,2.93,1.83,2.46,MP,0
619,Madhya Pradesh,2020-04-07,2.11,1.4000000000000001,2.86,1.84,2.44,MP,0
620,Madhya Pradesh,2020-04-08,1.96,1.27,2.66,1.69,2.2600000000000002,MP,0
621,Madhya Pradesh,2020-04-09,1.86,1.21,2.5500000000000003,1.62,2.17,MP,0
622,Madhya Pradesh,2020-04-10,1.87,1.23,2.52,1.6300000000000001,2.16,MP,0
623,Madhya Pradesh,2020-04-11,1.94,1.32,2.56,1.71,2.22,MP,0
624,Madhya Pradesh,2020-04-12,2.09,1.5,2.68,1.8900000000000001,2.38,MP,0
625,Madhya Pradesh,2020-04-13,2.11,1.57,2.69,1.9100000000000001,2.37,MP,0
626,Madhya Pradesh,2020-04-14,2.04,1.52,2.58,1.87,2.31,MP,0
627,Madhya Pradesh,2020-04-15,1.87,1.3900000000000001,2.41,1.7,2.12,MP,0
628,Madhya Pradesh,2020-04-16,1.68,1.21,2.2,1.52,1.93,MP,0
629,Madhya Pradesh,2020-04-17,1.49,1.01,1.98,1.31,1.71,MP,0
630,Madhya Pradesh,2020-04-18,1.23,0.77,1.74,1.07,1.47,MP,0
631,Madhya Pradesh,2020-04-19,1.01,0.53,1.51,0.86,1.27,MP,0
632,Madhya Pradesh,2020-04-20,0.89,0.4,1.4000000000000001,0.7000000000000001,1.11,MP,0
633,Madhya Pradesh,2020-04-21,0.81,0.31,1.33,0.62,1.04,MP,0
634,Madhya Pradesh,2020-04-22,0.91,0.41000000000000003,1.46,0.72,1.1500000000000001,MP,0
635,Madhya Pradesh,2020-04-23,1.03,0.51,1.56,0.8200000000000001,1.25,MP,0
636,Madhya Pradesh,2020-04-24,1.27,0.76,1.8,1.09,1.52,MP,0
637,Madhya Pradesh,2020-04-25,1.3900000000000001,0.9,1.92,1.21,1.6300000000000001,MP,0
638,Madhya Pradesh,2020-04-26,1.37,0.89,1.8800000000000001,1.21,1.62,MP,0
639,Madhya Pradesh,2020-04-27,1.35,0.88,1.85,1.18,1.58,MP,0
640,Madhya Pradesh,2020-04-28,1.23,0.78,1.74,1.09,1.49,MP,0
641,Madhya Pradesh,2020-04-29,1.06,0.61,1.57,0.92,1.32,MP,0
642,Madhya Pradesh,2020-04-30,0.98,0.5,1.46,0.8200000000000001,1.22,MP,0
643,Madhya Pradesh,2020-05-01,0.87,0.38,1.35,0.6900000000000001,1.09,MP,0
644,Madhya Pradesh,2020-05-02,0.8300000000000001,0.35000000000000003,1.34,0.67,1.08,MP,0
645,Madhya Pradesh,2020-05-03,0.75,0.27,1.27,0.6,1.02,MP,0
646,Madhya Pradesh,2020-05-04,0.75,0.27,1.29,0.56,0.98,MP,0
647,Madhya Pradesh,2020-05-05,0.88,0.38,1.42,0.71,1.1400000000000001,MP,0
648,Madhya Pradesh,2020-05-06,0.99,0.49,1.53,0.8200000000000001,1.25,MP,0
649,Madhya Pradesh,2020-05-07,1.1300000000000001,0.64,1.67,0.93,1.35,MP,0
650,Madhya Pradesh,2020-05-08,1.21,0.72,1.73,1.05,1.47,MP,0
651,Madhya Pradesh,2020-05-09,1.22,0.74,1.73,1.06,1.47,MP,0
652,Madhya Pradesh,2020-05-10,1.26,0.8,1.78,1.08,1.48,MP,0
653,Madhya Pradesh,2020-05-11,1.29,0.8300000000000001,1.79,1.1400000000000001,1.54,MP,0
654,Maharashtra,2020-03-14,3.0,1.01,6.99,2.04,4.45,MH,0
655,Maharashtra,2020-03-15,2.15,0.81,4.12,1.59,2.98,MH,0
656,Maharashtra,2020-03-16,1.84,0.72,3.48,1.33,2.48,MH,0
657,Maharashtra,2020-03-17,1.6600000000000001,0.61,3.1,1.24,2.2800000000000002,MH,0
658,Maharashtra,2020-03-18,1.61,0.59,2.98,1.16,2.15,MH,0
659,Maharashtra,2020-03-19,1.6400000000000001,0.62,2.97,1.26,2.24,MH,0
660,Maharashtra,2020-03-20,1.59,0.58,2.85,1.18,2.12,MH,0
661,Maharashtra,2020-03-21,1.68,0.64,2.89,1.25,2.18,MH,0
662,Maharashtra,2020-03-22,1.62,0.6,2.77,1.24,2.14,MH,0
663,Maharashtra,2020-03-23,1.75,0.75,2.9,1.3800000000000001,2.27,MH,0
664,Maharashtra,2020-03-24,1.78,0.81,2.89,1.43,2.29,MH,0
665,Maharashtra,2020-03-25,1.74,0.8,2.8000000000000003,1.37,2.19,MH,0
666,Maharashtra,2020-03-26,1.7,0.79,2.72,1.33,2.12,MH,0
667,Maharashtra,2020-03-27,1.9000000000000001,0.98,2.84,1.58,2.35,MH,0
668,Maharashtra,2020-03-28,1.8900000000000001,1.01,2.7800000000000002,1.57,2.3000000000000003,MH,0
669,Maharashtra,2020-03-29,2.02,1.21,2.9,1.69,2.38,MH,0
670,Maharashtra,2020-03-30,2.08,1.32,2.91,1.77,2.42,MH,0
671,Maharashtra,2020-03-31,2.2600000000000002,1.53,3.0100000000000002,2.0,2.61,MH,0
672,Maharashtra,2020-04-01,2.2800000000000002,1.62,3.0,2.05,2.62,MH,0
673,Maharashtra,2020-04-02,2.2600000000000002,1.6400000000000001,2.92,2.05,2.58,MH,0
674,Maharashtra,2020-04-03,2.2600000000000002,1.6500000000000001,2.84,2.04,2.5300000000000002,MH,0
675,Maharashtra,2020-04-04,2.16,1.61,2.73,1.95,2.41,MH,0
676,Maharashtra,2020-04-05,2.11,1.59,2.65,1.93,2.37,MH,0
677,Maharashtra,2020-04-06,2.06,1.58,2.59,1.9100000000000001,2.33,MH,0
678,Maharashtra,2020-04-07,1.95,1.47,2.43,1.8,2.2,MH,0
679,Maharashtra,2020-04-08,1.8900000000000001,1.45,2.38,1.71,2.09,MH,0
680,Maharashtra,2020-04-09,1.8800000000000001,1.43,2.32,1.73,2.1,MH,0
681,Maharashtra,2020-04-10,1.8800000000000001,1.46,2.32,1.75,2.11,MH,0
682,Maharashtra,2020-04-11,1.81,1.4000000000000001,2.23,1.6500000000000001,1.99,MH,0
683,Maharashtra,2020-04-12,1.73,1.35,2.16,1.58,1.9100000000000001,MH,0
684,Maharashtra,2020-04-13,1.56,1.19,1.98,1.45,1.78,MH,0
685,Maharashtra,2020-04-14,1.45,1.08,1.86,1.31,1.6300000000000001,MH,0
686,Maharashtra,2020-04-15,1.47,1.11,1.8800000000000001,1.35,1.67,MH,0
687,Maharashtra,2020-04-16,1.49,1.12,1.87,1.35,1.6600000000000001,MH,0
688,Maharashtra,2020-04-17,1.55,1.2,1.94,1.4000000000000001,1.7,MH,0
689,Maharashtra,2020-04-18,1.54,1.2,1.92,1.43,1.73,MH,0
690,Maharashtra,2020-04-19,1.67,1.34,2.04,1.56,1.85,MH,0
691,Maharashtra,2020-04-20,1.6500000000000001,1.32,1.99,1.54,1.82,MH,0
692,Maharashtra,2020-04-21,1.7,1.3800000000000001,2.0300000000000002,1.59,1.86,MH,0
693,Maharashtra,2020-04-22,1.61,1.3,1.93,1.5,1.76,MH,0
694,Maharashtra,2020-04-23,1.46,1.16,1.78,1.36,1.62,MH,0
695,Maharashtra,2020-04-24,1.35,1.05,1.6600000000000001,1.23,1.48,MH,0
696,Maharashtra,2020-04-25,1.27,0.98,1.59,1.16,1.41,MH,0
697,Maharashtra,2020-04-26,1.18,0.9,1.51,1.08,1.33,MH,0
698,Maharashtra,2020-04-27,1.28,0.99,1.59,1.18,1.43,MH,0
699,Maharashtra,2020-04-28,1.24,0.9500000000000001,1.54,1.1500000000000001,1.4000000000000001,MH,0
700,Maharashtra,2020-04-29,1.3,1.02,1.61,1.19,1.43,MH,0
701,Maharashtra,2020-04-30,1.47,1.18,1.75,1.3800000000000001,1.62,MH,0
702,Maharashtra,2020-05-01,1.55,1.29,1.85,1.46,1.69,MH,0
703,Maharashtra,2020-05-02,1.6,1.35,1.8900000000000001,1.5,1.72,MH,0
704,Maharashtra,2020-05-03,1.58,1.32,1.84,1.5,1.72,MH,0
705,Maharashtra,2020-05-04,1.53,1.28,1.79,1.44,1.6500000000000001,MH,0
706,Maharashtra,2020-05-05,1.45,1.22,1.72,1.3800000000000001,1.59,MH,0
707,Maharashtra,2020-05-06,1.46,1.23,1.72,1.37,1.57,MH,0
708,Maharashtra,2020-05-07,1.3900000000000001,1.16,1.6400000000000001,1.31,1.51,MH,0
709,Maharashtra,2020-05-08,1.34,1.11,1.58,1.27,1.47,MH,0
710,Maharashtra,2020-05-09,1.19,0.96,1.43,1.12,1.32,MH,0
711,Maharashtra,2020-05-10,1.22,1.0,1.47,1.1300000000000001,1.32,MH,0
712,Maharashtra,2020-05-11,1.18,0.9500000000000001,1.41,1.1,1.29,MH,0
713,Odisha,2020-03-30,3.0,1.01,6.99,2.04,4.45,OR,0
714,Odisha,2020-03-31,3.3000000000000003,1.16,7.0200000000000005,2.2800000000000002,4.7,OR,0
715,Odisha,2020-04-01,3.39,1.32,6.5600000000000005,2.44,4.64,OR,0
716,Odisha,2020-04-02,3.3200000000000003,1.36,5.96,2.47,4.41,OR,0
717,Odisha,2020-04-03,3.18,1.37,5.44,2.48,4.2,OR,0
718,Odisha,2020-04-04,2.82,1.23,4.8,2.19,3.69,OR,0
719,Odisha,2020-04-05,2.75,1.25,4.57,2.16,3.5500000000000003,OR,0
720,Odisha,2020-04-06,2.39,1.01,4.01,1.81,3.06,OR,0
721,Odisha,2020-04-07,2.2600000000000002,0.97,3.83,1.75,2.94,OR,0
722,Odisha,2020-04-08,2.05,0.8200000000000001,3.54,1.58,2.71,OR,0
723,Odisha,2020-04-09,1.9000000000000001,0.68,3.31,1.41,2.5,OR,0
724,Odisha,2020-04-10,1.77,0.58,3.16,1.3,2.37,OR,0
725,Odisha,2020-04-11,1.75,0.54,3.12,1.27,2.34,OR,0
726,Odisha,2020-04-12,1.73,0.51,3.09,1.24,2.31,OR,0
727,Odisha,2020-04-13,1.71,0.47000000000000003,3.0500000000000003,1.28,2.36,OR,0
728,Odisha,2020-04-14,1.6,0.35000000000000003,2.89,1.1500000000000001,2.22,OR,0
729,Odisha,2020-04-15,1.6,0.35000000000000003,2.91,1.1300000000000001,2.21,OR,0
730,Odisha,2020-04-16,1.68,0.42,3.04,1.22,2.32,OR,0
731,Odisha,2020-04-17,1.6600000000000001,0.37,2.98,1.2,2.3000000000000003,OR,0
732,Odisha,2020-04-18,1.74,0.47000000000000003,3.12,1.29,2.4,OR,0
733,Odisha,2020-04-19,1.71,0.42,3.04,1.25,2.35,OR,0
734,Odisha,2020-04-20,1.77,0.49,3.12,1.32,2.42,OR,0
735,Odisha,2020-04-21,1.82,0.53,3.14,1.32,2.4,OR,0
736,Odisha,2020-04-22,1.77,0.51,3.0700000000000003,1.27,2.33,OR,0
737,Odisha,2020-04-23,1.8,0.56,3.09,1.36,2.41,OR,0
738,Odisha,2020-04-24,1.74,0.5,2.97,1.32,2.35,OR,0
739,Odisha,2020-04-25,1.69,0.46,2.88,1.26,2.27,OR,0
740,Odisha,2020-04-26,1.72,0.5,2.89,1.27,2.2600000000000002,OR,0
741,Odisha,2020-04-27,1.74,0.55,2.9,1.3,2.27,OR,0
742,Odisha,2020-04-28,1.67,0.54,2.84,1.25,2.2,OR,0
743,Odisha,2020-04-29,1.62,0.49,2.74,1.18,2.11,OR,0
744,Odisha,2020-04-30,1.57,0.46,2.67,1.18,2.1,OR,0
745,Odisha,2020-05-01,1.53,0.45,2.63,1.1500000000000001,2.06,OR,0
746,Odisha,2020-05-02,1.55,0.45,2.6,1.1300000000000001,2.02,OR,0
747,Odisha,2020-05-03,1.56,0.47000000000000003,2.59,1.19,2.07,OR,0
748,Odisha,2020-05-04,1.68,0.66,2.75,1.32,2.18,OR,0
749,Odisha,2020-05-05,1.93,0.9500000000000001,2.96,1.54,2.36,OR,0
750,Odisha,2020-05-06,2.04,1.12,3.02,1.7,2.48,OR,0
751,Odisha,2020-05-07,2.13,1.25,3.0300000000000002,1.79,2.52,OR,0
752,Odisha,2020-05-08,2.12,1.3,2.97,1.84,2.5300000000000002,OR,0
753,Odisha,2020-05-09,2.05,1.27,2.84,1.78,2.43,OR,0
754,Odisha,2020-05-10,1.95,1.21,2.7,1.71,2.33,OR,0
755,Odisha,2020-05-11,1.82,1.12,2.5500000000000003,1.57,2.16,OR,0
756,Puducherry,2020-05-09,3.0,1.01,6.99,2.04,4.45,PY,1
757,Puducherry,2020-05-10,2.88,0.99,6.28,1.99,4.16,PY,1
758,Puducherry,2020-05-11,2.7800000000000002,0.9400000000000001,5.8100000000000005,2.0,4.0200000000000005,PY,1
759,Punjab,2020-03-17,3.0,1.01,6.99,2.04,4.45,PB,0
760,Punjab,2020-03-18,3.3000000000000003,1.16,7.0200000000000005,2.2800000000000002,4.7,PB,0
761,Punjab,2020-03-19,3.0100000000000002,1.12,6.01,2.11,4.15,PB,0
762,Punjab,2020-03-20,3.12,1.22,5.84,2.24,4.18,PB,0
763,Punjab,2020-03-21,3.11,1.27,5.5,2.31,4.09,PB,0
764,Punjab,2020-03-22,2.81,1.1500000000000001,4.89,2.1,3.67,PB,0
765,Punjab,2020-03-23,2.6,1.04,4.47,1.99,3.43,PB,0
766,Punjab,2020-03-24,2.45,1.01,4.23,1.9000000000000001,3.25,PB,0
767,Punjab,2020-03-25,2.32,0.9400000000000001,4.0,1.8,3.08,PB,0
768,Punjab,2020-03-26,2.1,0.8,3.7,1.62,2.83,PB,0
769,Punjab,2020-03-27,1.94,0.66,3.46,1.4000000000000001,2.56,PB,0
770,Punjab,2020-03-28,1.9100000000000001,0.61,3.39,1.44,2.6,PB,0
771,Punjab,2020-03-29,1.8800000000000001,0.61,3.38,1.3900000000000001,2.54,PB,0
772,Punjab,2020-03-30,1.86,0.59,3.35,1.3,2.44,PB,0
773,Punjab,2020-03-31,1.94,0.65,3.43,1.43,2.58,PB,0
774,Punjab,2020-04-01,1.8900000000000001,0.6,3.34,1.43,2.57,PB,0
775,Punjab,2020-04-02,1.96,0.65,3.38,1.46,2.59,PB,0
776,Punjab,2020-04-03,2.1,0.79,3.5,1.61,2.73,PB,0
777,Punjab,2020-04-04,2.09,0.8300000000000001,3.46,1.56,2.64,PB,0
778,Punjab,2020-04-05,2.17,0.9500000000000001,3.5,1.72,2.77,PB,0
779,Punjab,2020-04-06,2.27,1.1,3.54,1.8,2.8000000000000003,PB,0
780,Punjab,2020-04-07,2.18,1.06,3.37,1.77,2.72,PB,0
781,Punjab,2020-04-08,2.09,1.03,3.23,1.67,2.57,PB,0
782,Punjab,2020-04-09,1.95,0.91,3.0100000000000002,1.53,2.39,PB,0
783,Punjab,2020-04-10,1.84,0.85,2.88,1.43,2.2600000000000002,PB,0
784,Punjab,2020-04-11,1.6500000000000001,0.68,2.66,1.26,2.07,PB,0
785,Punjab,2020-04-12,1.54,0.59,2.54,1.18,1.98,PB,0
786,Punjab,2020-04-13,1.45,0.51,2.44,1.1300000000000001,1.93,PB,0
787,Punjab,2020-04-14,1.42,0.48,2.4,1.06,1.85,PB,0
788,Punjab,2020-04-15,1.3900000000000001,0.46,2.37,1.05,1.84,PB,0
789,Punjab,2020-04-16,1.36,0.43,2.33,1.03,1.82,PB,0
790,Punjab,2020-04-17,1.33,0.4,2.29,0.9400000000000001,1.72,PB,0
791,Punjab,2020-04-18,1.36,0.43,2.32,1.0,1.78,PB,0
792,Punjab,2020-04-19,1.33,0.38,2.25,1.0,1.78,PB,0
793,Punjab,2020-04-20,1.35,0.43,2.3000000000000003,0.97,1.74,PB,0
794,Punjab,2020-04-21,1.32,0.39,2.24,0.99,1.76,PB,0
795,Punjab,2020-04-22,1.29,0.39,2.23,0.9,1.6600000000000001,PB,0
796,Punjab,2020-04-23,1.22,0.31,2.12,0.88,1.6400000000000001,PB,0
797,Punjab,2020-04-24,1.25,0.35000000000000003,2.17,0.92,1.68,PB,0
798,Punjab,2020-04-25,1.27,0.38,2.2,0.96,1.72,PB,0
799,Punjab,2020-04-26,1.55,0.65,2.46,1.2,1.94,PB,0
800,Punjab,2020-04-27,1.8,0.96,2.7,1.46,2.17,PB,0
801,Punjab,2020-04-28,2.31,1.52,3.14,2.04,2.71,PB,0
802,Punjab,2020-04-29,2.89,2.17,3.62,2.64,3.24,PB,0
803,Punjab,2020-04-30,2.92,2.31,3.59,2.71,3.24,PB,0
804,Punjab,2020-05-01,2.87,2.33,3.47,2.69,3.16,PB,0
805,Punjab,2020-05-02,2.59,2.09,3.12,2.37,2.79,PB,0
806,Punjab,2020-05-03,2.29,1.83,2.79,2.14,2.54,PB,0
807,Punjab,2020-05-04,1.96,1.52,2.44,1.8,2.18,PB,0
808,Punjab,2020-05-05,1.58,1.1500000000000001,2.05,1.42,1.79,PB,0
809,Punjab,2020-05-06,1.27,0.8300000000000001,1.73,1.11,1.48,PB,0
810,Punjab,2020-05-07,0.97,0.54,1.46,0.8200000000000001,1.2,PB,0
811,Punjab,2020-05-08,0.71,0.26,1.2,0.55,0.9400000000000001,PB,0
812,Punjab,2020-05-09,0.63,0.16,1.11,0.44,0.84,PB,0
813,Punjab,2020-05-10,0.48,0.06,0.96,0.29,0.6900000000000001,PB,0
814,Punjab,2020-05-11,0.48,0.05,0.97,0.32,0.74,PB,0
815,Rajasthan,2020-03-14,3.0,1.01,6.99,2.04,4.45,RJ,0
816,Rajasthan,2020-03-15,2.88,0.99,6.28,1.99,4.16,RJ,0
817,Rajasthan,2020-03-16,3.14,1.1300000000000001,6.42,2.2,4.4,RJ,0
818,Rajasthan,2020-03-17,2.91,1.06,5.67,2.1,4.03,RJ,0
819,Rajasthan,2020-03-18,3.02,1.21,5.63,2.27,4.13,RJ,0
820,Rajasthan,2020-03-19,2.7800000000000002,1.12,5.08,2.07,3.73,RJ,0
821,Rajasthan,2020-03-20,2.81,1.1400000000000001,4.9,2.14,3.72,RJ,0
822,Rajasthan,2020-03-21,2.61,1.05,4.5,2.02,3.47,RJ,0
823,Rajasthan,2020-03-22,2.45,1.01,4.25,1.86,3.21,RJ,0
824,Rajasthan,2020-03-23,2.33,0.9500000000000001,4.03,1.76,3.04,RJ,0
825,Rajasthan,2020-03-24,2.35,0.96,3.95,1.75,2.99,RJ,0
826,Rajasthan,2020-03-25,2.12,0.8300000000000001,3.66,1.58,2.75,RJ,0
827,Rajasthan,2020-03-26,2.15,0.86,3.64,1.6400000000000001,2.79,RJ,0
828,Rajasthan,2020-03-27,2.27,1.0,3.73,1.79,2.92,RJ,0
829,Rajasthan,2020-03-28,2.32,1.05,3.67,1.8800000000000001,2.97,RJ,0
830,Rajasthan,2020-03-29,2.34,1.1400000000000001,3.64,1.8800000000000001,2.91,RJ,0
831,Rajasthan,2020-03-30,2.46,1.33,3.7,2.06,3.04,RJ,0
832,Rajasthan,2020-03-31,2.43,1.37,3.58,2.04,2.95,RJ,0
833,Rajasthan,2020-04-01,2.48,1.47,3.52,2.14,2.99,RJ,0
834,Rajasthan,2020-04-02,2.46,1.53,3.43,2.1,2.88,RJ,0
835,Rajasthan,2020-04-03,2.36,1.48,3.24,2.06,2.79,RJ,0
836,Rajasthan,2020-04-04,2.22,1.41,3.06,1.93,2.61,RJ,0
837,Rajasthan,2020-04-05,2.2,1.42,2.97,1.92,2.56,RJ,0
838,Rajasthan,2020-04-06,2.15,1.45,2.92,1.86,2.46,RJ,0
839,Rajasthan,2020-04-07,2.22,1.54,2.92,1.98,2.5500000000000003,RJ,0
840,Rajasthan,2020-04-08,2.17,1.54,2.84,1.96,2.5,RJ,0
841,Rajasthan,2020-04-09,2.13,1.53,2.7600000000000002,1.93,2.44,RJ,0
842,Rajasthan,2020-04-10,2.05,1.49,2.66,1.84,2.32,RJ,0
843,Rajasthan,2020-04-11,1.93,1.4000000000000001,2.52,1.74,2.2,RJ,0
844,Rajasthan,2020-04-12,1.76,1.24,2.32,1.59,2.04,RJ,0
845,Rajasthan,2020-04-13,1.62,1.12,2.18,1.45,1.8900000000000001,RJ,0
846,Rajasthan,2020-04-14,1.49,0.99,2.0300000000000002,1.32,1.75,RJ,0
847,Rajasthan,2020-04-15,1.3900000000000001,0.89,1.92,1.23,1.6600000000000001,RJ,0
848,Rajasthan,2020-04-16,1.29,0.8,1.83,1.08,1.5,RJ,0
849,Rajasthan,2020-04-17,1.32,0.8,1.82,1.1300000000000001,1.55,RJ,0
850,Rajasthan,2020-04-18,1.36,0.88,1.9000000000000001,1.19,1.61,RJ,0
851,Rajasthan,2020-04-19,1.33,0.8300000000000001,1.83,1.1300000000000001,1.54,RJ,0
852,Rajasthan,2020-04-20,1.3,0.8,1.79,1.1300000000000001,1.54,RJ,0
853,Rajasthan,2020-04-21,1.22,0.75,1.74,1.06,1.47,RJ,0
854,Rajasthan,2020-04-22,1.12,0.63,1.61,0.97,1.3800000000000001,RJ,0
855,Rajasthan,2020-04-23,1.0,0.52,1.51,0.8300000000000001,1.24,RJ,0
856,Rajasthan,2020-04-24,0.92,0.44,1.44,0.73,1.1400000000000001,RJ,0
857,Rajasthan,2020-04-25,0.87,0.37,1.3800000000000001,0.7000000000000001,1.12,RJ,0
858,Rajasthan,2020-04-26,0.86,0.37,1.4000000000000001,0.66,1.08,RJ,0
859,Rajasthan,2020-04-27,0.87,0.37,1.41,0.7000000000000001,1.1300000000000001,RJ,0
860,Rajasthan,2020-04-28,0.9500000000000001,0.45,1.5,0.76,1.19,RJ,0
861,Rajasthan,2020-04-29,1.03,0.51,1.55,0.85,1.28,RJ,0
862,Rajasthan,2020-04-30,1.16,0.65,1.68,1.0,1.43,RJ,0
863,Rajasthan,2020-05-01,1.17,0.68,1.7,0.99,1.41,RJ,0
864,Rajasthan,2020-05-02,1.23,0.73,1.73,1.02,1.43,RJ,0
865,Rajasthan,2020-05-03,1.23,0.75,1.74,1.07,1.48,RJ,0
866,Rajasthan,2020-05-04,1.25,0.79,1.77,1.07,1.47,RJ,0
867,Rajasthan,2020-05-05,1.22,0.74,1.7,1.06,1.46,RJ,0
868,Rajasthan,2020-05-06,1.2,0.74,1.7,1.0,1.3900000000000001,RJ,0
869,Rajasthan,2020-05-07,1.2,0.75,1.7,1.03,1.42,RJ,0
870,Rajasthan,2020-05-08,1.17,0.71,1.6500000000000001,1.01,1.4000000000000001,RJ,0
871,Rajasthan,2020-05-09,1.12,0.67,1.61,0.97,1.36,RJ,0
872,Rajasthan,2020-05-10,1.12,0.68,1.62,0.98,1.37,RJ,0
873,Rajasthan,2020-05-11,1.1,0.64,1.57,0.9500000000000001,1.34,RJ,0
874,Tamil Nadu,2020-03-17,3.0,1.01,6.99,2.04,4.45,TN,0
875,Tamil Nadu,2020-03-18,2.88,0.99,6.28,1.99,4.16,TN,0
876,Tamil Nadu,2020-03-19,2.7800000000000002,0.9400000000000001,5.8100000000000005,2.0,4.0200000000000005,TN,0
877,Tamil Nadu,2020-03-20,3.02,1.08,5.99,2.15,4.2,TN,0
878,Tamil Nadu,2020-03-21,3.13,1.22,5.86,2.31,4.26,TN,0
879,Tamil Nadu,2020-03-22,2.86,1.12,5.21,2.15,3.87,TN,0
880,Tamil Nadu,2020-03-23,2.88,1.21,5.08,2.15,3.77,TN,0
881,Tamil Nadu,2020-03-24,2.84,1.21,4.8100000000000005,2.19,3.7,TN,0
882,Tamil Nadu,2020-03-25,2.6,1.12,4.41,1.96,3.33,TN,0
883,Tamil Nadu,2020-03-26,2.56,1.1,4.21,2.0100000000000002,3.31,TN,0
884,Tamil Nadu,2020-03-27,2.88,1.45,4.46,2.32,3.5700000000000003,TN,0
885,Tamil Nadu,2020-03-28,3.5,2.15,4.93,3.0,4.15,TN,0
886,Tamil Nadu,2020-03-29,3.56,2.38,4.76,3.11,4.09,TN,0
887,Tamil Nadu,2020-03-30,3.54,2.56,4.59,3.2,4.04,TN,0
888,Tamil Nadu,2020-03-31,3.3200000000000003,2.47,4.21,3.0300000000000002,3.75,TN,0
889,Tamil Nadu,2020-04-01,3.0700000000000003,2.3000000000000003,3.8200000000000003,2.81,3.44,TN,0
890,Tamil Nadu,2020-04-02,2.7,2.0300000000000002,3.4,2.48,3.0500000000000003,TN,0
891,Tamil Nadu,2020-04-03,2.42,1.81,3.08,2.19,2.71,TN,0
892,Tamil Nadu,2020-04-04,2.1,1.52,2.72,1.87,2.36,TN,0
893,Tamil Nadu,2020-04-05,1.87,1.29,2.44,1.69,2.17,TN,0
894,Tamil Nadu,2020-04-06,1.6400000000000001,1.09,2.22,1.46,1.93,TN,0
895,Tamil Nadu,2020-04-07,1.49,0.9500000000000001,2.07,1.29,1.75,TN,0
896,Tamil Nadu,2020-04-08,1.42,0.87,1.98,1.23,1.69,TN,0
897,Tamil Nadu,2020-04-09,1.3800000000000001,0.85,1.96,1.2,1.6600000000000001,TN,0
898,Tamil Nadu,2020-04-10,1.32,0.77,1.87,1.1400000000000001,1.6,TN,0
899,Tamil Nadu,2020-04-11,1.24,0.71,1.81,1.02,1.47,TN,0
900,Tamil Nadu,2020-04-12,1.1400000000000001,0.59,1.69,0.97,1.43,TN,0
901,Tamil Nadu,2020-04-13,1.07,0.53,1.6400000000000001,0.89,1.35,TN,0
902,Tamil Nadu,2020-04-14,0.9400000000000001,0.4,1.52,0.73,1.19,TN,0
903,Tamil Nadu,2020-04-15,0.92,0.37,1.51,0.72,1.19,TN,0
904,Tamil Nadu,2020-04-16,0.91,0.35000000000000003,1.5,0.73,1.21,TN,0
905,Tamil Nadu,2020-04-17,0.9,0.32,1.48,0.6900000000000001,1.17,TN,0
906,Tamil Nadu,2020-04-18,0.9,0.31,1.48,0.71,1.2,TN,0
907,Tamil Nadu,2020-04-19,0.97,0.4,1.59,0.77,1.26,TN,0
908,Tamil Nadu,2020-04-20,1.01,0.44,1.6300000000000001,0.81,1.3,TN,0
909,Tamil Nadu,2020-04-21,1.04,0.45,1.6300000000000001,0.85,1.34,TN,0
910,Tamil Nadu,2020-04-22,1.03,0.46,1.6400000000000001,0.85,1.34,TN,0
911,Tamil Nadu,2020-04-23,1.03,0.47000000000000003,1.6500000000000001,0.79,1.27,TN,0
912,Tamil Nadu,2020-04-24,1.06,0.48,1.6500000000000001,0.84,1.32,TN,0
913,Tamil Nadu,2020-04-25,1.1400000000000001,0.56,1.72,0.9400000000000001,1.42,TN,0
914,Tamil Nadu,2020-04-26,1.27,0.72,1.87,1.06,1.53,TN,0
915,Tamil Nadu,2020-04-27,1.48,0.9500000000000001,2.07,1.29,1.75,TN,0
916,Tamil Nadu,2020-04-28,1.68,1.1500000000000001,2.22,1.48,1.92,TN,0
917,Tamil Nadu,2020-04-29,1.84,1.34,2.36,1.6600000000000001,2.08,TN,0
918,Tamil Nadu,2020-04-30,2.15,1.69,2.65,2.0,2.4,TN,0
919,Tamil Nadu,2020-05-01,2.34,1.9100000000000001,2.8000000000000003,2.2,2.57,TN,0
920,Tamil Nadu,2020-05-02,2.54,2.16,2.98,2.42,2.7600000000000002,TN,0
921,Tamil Nadu,2020-05-03,2.48,2.13,2.88,2.36,2.67,TN,0
922,Tamil Nadu,2020-05-04,2.37,2.04,2.74,2.2600000000000002,2.5500000000000003,TN,0
923,Tamil Nadu,2020-05-05,2.16,1.85,2.5100000000000002,2.04,2.31,TN,0
924,Tamil Nadu,2020-05-06,1.97,1.6600000000000001,2.29,1.86,2.12,TN,0
925,Tamil Nadu,2020-05-07,1.81,1.51,2.12,1.69,1.94,TN,0
926,Tamil Nadu,2020-05-08,1.61,1.33,1.93,1.52,1.77,TN,0
927,Tamil Nadu,2020-05-09,1.42,1.1400000000000001,1.73,1.34,1.59,TN,0
928,Tamil Nadu,2020-05-10,1.32,1.04,1.6300000000000001,1.21,1.45,TN,0
929,Tamil Nadu,2020-05-11,1.18,0.89,1.47,1.08,1.32,TN,0
930,Telangana,2020-03-14,3.0,1.01,6.99,2.04,4.45,TG,0
931,Telangana,2020-03-15,2.7800000000000002,1.01,5.86,1.99,4.0,TG,0
932,Telangana,2020-03-16,2.91,1.09,5.68,2.06,3.98,TG,0
933,Telangana,2020-03-17,2.68,1.0,5.0200000000000005,1.98,3.67,TG,0
934,Telangana,2020-03-18,2.5100000000000002,0.96,4.64,1.82,3.36,TG,0
935,Telangana,2020-03-19,2.57,1.03,4.58,1.94,3.43,TG,0
936,Telangana,2020-03-20,2.41,0.93,4.22,1.84,3.22,TG,0
937,Telangana,2020-03-21,2.29,0.9,4.01,1.74,3.04,TG,0
938,Telangana,2020-03-22,2.19,0.8300000000000001,3.8000000000000003,1.6600000000000001,2.9,TG,0
939,Telangana,2020-03-23,2.22,0.91,3.8200000000000003,1.7,2.91,TG,0
940,Telangana,2020-03-24,2.12,0.85,3.64,1.6400000000000001,2.8000000000000003,TG,0
941,Telangana,2020-03-25,2.13,0.88,3.6,1.67,2.8000000000000003,TG,0
942,Telangana,2020-03-26,2.04,0.78,3.39,1.55,2.63,TG,0
943,Telangana,2020-03-27,2.04,0.84,3.39,1.55,2.6,TG,0
944,Telangana,2020-03-28,2.12,0.93,3.41,1.62,2.64,TG,0
945,Telangana,2020-03-29,2.23,1.07,3.46,1.82,2.81,TG,0
946,Telangana,2020-03-30,2.48,1.3900000000000001,3.66,2.1,3.04,TG,0
947,Telangana,2020-03-31,2.52,1.51,3.61,2.11,2.97,TG,0
948,Telangana,2020-04-01,2.59,1.67,3.6,2.22,3.0100000000000002,TG,0
949,Telangana,2020-04-02,2.52,1.6500000000000001,3.41,2.23,2.96,TG,0
950,Telangana,2020-04-03,2.39,1.61,3.24,2.11,2.7800000000000002,TG,0
951,Telangana,2020-04-04,2.21,1.47,2.99,1.96,2.59,TG,0
952,Telangana,2020-04-05,1.99,1.28,2.72,1.7,2.29,TG,0
953,Telangana,2020-04-06,1.77,1.08,2.47,1.5,2.07,TG,0
954,Telangana,2020-04-07,1.58,0.9,2.2600000000000002,1.33,1.8900000000000001,TG,0
955,Telangana,2020-04-08,1.35,0.68,2.0300000000000002,1.1300000000000001,1.69,TG,0
956,Telangana,2020-04-09,1.29,0.64,2.0,1.06,1.62,TG,0
957,Telangana,2020-04-10,1.23,0.5700000000000001,1.93,0.99,1.55,TG,0
958,Telangana,2020-04-11,1.2,0.55,1.92,0.9500000000000001,1.51,TG,0
959,Telangana,2020-04-12,1.21,0.54,1.9100000000000001,0.92,1.48,TG,0
960,Telangana,2020-04-13,1.26,0.59,1.96,0.98,1.54,TG,0
961,Telangana,2020-04-14,1.32,0.66,2.02,1.08,1.6400000000000001,TG,0
962,Telangana,2020-04-15,1.35,0.68,2.02,1.09,1.6400000000000001,TG,0
963,Telangana,2020-04-16,1.32,0.6900000000000001,2.02,1.11,1.6600000000000001,TG,0
964,Telangana,2020-04-17,1.3,0.66,1.97,1.07,1.61,TG,0
965,Telangana,2020-04-18,1.19,0.55,1.85,0.98,1.52,TG,0
966,Telangana,2020-04-19,1.12,0.49,1.79,0.91,1.45,TG,0
967,Telangana,2020-04-20,1.06,0.41000000000000003,1.71,0.84,1.3800000000000001,TG,0
968,Telangana,2020-04-21,0.9400000000000001,0.3,1.6,0.7000000000000001,1.24,TG,0
969,Telangana,2020-04-22,0.8,0.16,1.43,0.59,1.1400000000000001,TG,0
970,Telangana,2020-04-23,0.6900000000000001,0.07,1.29,0.46,1.01,TG,0
971,Telangana,2020-04-24,0.59,0.03,1.2,0.33,0.87,TG,0
972,Telangana,2020-04-25,0.49,0.0,1.1300000000000001,0.27,0.8,TG,0
973,Telangana,2020-04-26,0.36,0.0,1.09,0.22,0.73,TG,0
974,Telangana,2020-04-27,0.33,0.0,1.1,0.21,0.72,TG,0
975,Telangana,2020-04-28,0.32,0.0,1.11,0.14,0.64,TG,0
976,Telangana,2020-04-29,0.37,0.0,1.17,0.23,0.77,TG,0
977,Telangana,2020-04-30,0.44,0.02,1.26,0.26,0.8300000000000001,TG,0
978,Telangana,2020-05-01,0.52,0.02,1.32,0.3,0.9,TG,0
979,Telangana,2020-05-02,0.54,0.01,1.33,0.3,0.91,TG,0
980,Telangana,2020-05-03,0.62,0.04,1.42,0.37,1.01,TG,0
981,Telangana,2020-05-04,0.59,0.02,1.3800000000000001,0.32,0.9500000000000001,TG,0
982,Telangana,2020-05-05,0.67,0.05,1.47,0.41000000000000003,1.07,TG,0
983,Telangana,2020-05-06,0.79,0.08,1.58,0.51,1.2,TG,0
984,Telangana,2020-05-07,1.02,0.2,1.84,0.67,1.3800000000000001,TG,0
985,Telangana,2020-05-08,1.18,0.33,2.0100000000000002,0.89,1.6,TG,0
986,Telangana,2020-05-09,1.33,0.51,2.17,1.06,1.75,TG,0
987,Telangana,2020-05-10,1.45,0.67,2.27,1.18,1.84,TG,0
988,Telangana,2020-05-11,1.54,0.79,2.32,1.27,1.9000000000000001,TG,0
989,Tripura,2020-04-29,3.0,1.01,6.99,2.04,4.45,TR,1
990,Tripura,2020-04-30,3.3000000000000003,1.16,7.0200000000000005,2.2800000000000002,4.7,TR,1
991,Tripura,2020-05-01,3.84,1.53,7.12,2.79,5.15,TR,1
992,Tripura,2020-05-02,3.84,1.71,6.43,3.0100000000000002,5.01,TR,1
993,Tripura,2020-05-03,3.84,1.95,5.99,3.0500000000000003,4.74,TR,1
994,Tripura,2020-05-04,3.7600000000000002,2.13,5.5600000000000005,3.16,4.59,TR,1
995,Tripura,2020-05-05,3.38,1.98,4.88,2.83,4.03,TR,1
996,Tripura,2020-05-06,2.99,1.74,4.26,2.57,3.62,TR,1
997,Tripura,2020-05-07,2.58,1.48,3.74,2.2,3.14,TR,1
998,Tripura,2020-05-08,2.32,1.29,3.38,1.8900000000000001,2.75,TR,1
999,Tripura,2020-05-09,2.12,1.18,3.16,1.79,2.61,TR,1
1000,Tripura,2020-05-10,1.93,1.01,2.9,1.59,2.37,TR,1
1001,Tripura,2020-05-11,1.73,0.8200000000000001,2.65,1.42,2.18,TR,1
1002,Uttar Pradesh,2020-03-14,3.0,1.01,6.99,2.04,4.45,UP,0
1003,Uttar Pradesh,2020-03-15,2.37,0.87,4.89,1.7,3.37,UP,0
1004,Uttar Pradesh,2020-03-16,2.25,0.8200000000000001,4.45,1.67,3.19,UP,0
1005,Uttar Pradesh,2020-03-17,2.16,0.79,4.17,1.56,2.97,UP,0
1006,Uttar Pradesh,2020-03-18,2.08,0.72,3.92,1.55,2.89,UP,0
1007,Uttar Pradesh,2020-03-19,1.8900000000000001,0.66,3.65,1.36,2.6,UP,0
1008,Uttar Pradesh,2020-03-20,1.99,0.71,3.73,1.49,2.75,UP,0
1009,Uttar Pradesh,2020-03-21,1.94,0.67,3.6,1.44,2.66,UP,0
1010,Uttar Pradesh,2020-03-22,1.8900000000000001,0.64,3.5,1.41,2.6,UP,0
1011,Uttar Pradesh,2020-03-23,1.85,0.6,3.4,1.34,2.5,UP,0
1012,Uttar Pradesh,2020-03-24,1.92,0.67,3.47,1.43,2.59,UP,0
1013,Uttar Pradesh,2020-03-25,1.97,0.71,3.47,1.44,2.58,UP,0
1014,Uttar Pradesh,2020-03-26,2.1,0.8200000000000001,3.54,1.6300000000000001,2.7600000000000002,UP,0
1015,Uttar Pradesh,2020-03-27,2.08,0.87,3.49,1.6,2.68,UP,0
1016,Uttar Pradesh,2020-03-28,2.14,0.9500000000000001,3.47,1.69,2.73,UP,0
1017,Uttar Pradesh,2020-03-29,2.08,0.9500000000000001,3.35,1.6600000000000001,2.65,UP,0
1018,Uttar Pradesh,2020-03-30,2.16,1.05,3.34,1.7,2.64,UP,0
1019,Uttar Pradesh,2020-03-31,2.32,1.28,3.45,1.9100000000000001,2.8000000000000003,UP,0
1020,Uttar Pradesh,2020-04-01,2.32,1.34,3.36,1.95,2.7800000000000002,UP,0
1021,Uttar Pradesh,2020-04-02,2.2800000000000002,1.37,3.25,1.9100000000000001,2.68,UP,0
1022,Uttar Pradesh,2020-04-03,2.23,1.3800000000000001,3.14,1.8900000000000001,2.61,UP,0
1023,Uttar Pradesh,2020-04-04,2.08,1.26,2.91,1.79,2.47,UP,0
1024,Uttar Pradesh,2020-04-05,2.0,1.23,2.8000000000000003,1.74,2.39,UP,0
1025,Uttar Pradesh,2020-04-06,1.84,1.12,2.63,1.57,2.19,UP,0
1026,Uttar Pradesh,2020-04-07,1.68,0.97,2.43,1.41,2.0100000000000002,UP,0
1027,Uttar Pradesh,2020-04-08,1.53,0.8200000000000001,2.25,1.28,1.87,UP,0
1028,Uttar Pradesh,2020-04-09,1.49,0.78,2.19,1.23,1.81,UP,0
1029,Uttar Pradesh,2020-04-10,1.53,0.8300000000000001,2.22,1.25,1.82,UP,0
1030,Uttar Pradesh,2020-04-11,1.6300000000000001,0.9400000000000001,2.3000000000000003,1.3800000000000001,1.94,UP,0
1031,Uttar Pradesh,2020-04-12,1.67,1.03,2.36,1.45,2.0,UP,0
1032,Uttar Pradesh,2020-04-13,1.69,1.07,2.36,1.46,1.99,UP,0
1033,Uttar Pradesh,2020-04-14,1.73,1.1,2.34,1.49,2.0,UP,0
1034,Uttar Pradesh,2020-04-15,1.78,1.2,2.4,1.53,2.02,UP,0
1035,Uttar Pradesh,2020-04-16,1.75,1.2,2.36,1.56,2.04,UP,0
1036,Uttar Pradesh,2020-04-17,1.74,1.21,2.33,1.55,2.0100000000000002,UP,0
1037,Uttar Pradesh,2020-04-18,1.68,1.1500000000000001,2.23,1.51,1.96,UP,0
1038,Uttar Pradesh,2020-04-19,1.56,1.04,2.09,1.4000000000000001,1.84,UP,0
1039,Uttar Pradesh,2020-04-20,1.5,1.01,2.05,1.34,1.77,UP,0
1040,Uttar Pradesh,2020-04-21,1.49,1.01,2.0300000000000002,1.32,1.74,UP,0
1041,Uttar Pradesh,2020-04-22,1.43,0.9400000000000001,1.94,1.23,1.6400000000000001,UP,0
1042,Uttar Pradesh,2020-04-23,1.32,0.84,1.83,1.16,1.57,UP,0
1043,Uttar Pradesh,2020-04-24,1.22,0.75,1.74,1.06,1.47,UP,0
1044,Uttar Pradesh,2020-04-25,1.1500000000000001,0.68,1.67,0.99,1.4000000000000001,UP,0
1045,Uttar Pradesh,2020-04-26,1.03,0.54,1.53,0.86,1.27,UP,0
1046,Uttar Pradesh,2020-04-27,1.0,0.51,1.51,0.81,1.22,UP,0
1047,Uttar Pradesh,2020-04-28,1.04,0.55,1.56,0.88,1.3,UP,0
1048,Uttar Pradesh,2020-04-29,1.07,0.59,1.6,0.91,1.33,UP,0
1049,Uttar Pradesh,2020-04-30,1.08,0.6,1.61,0.93,1.35,UP,0
1050,Uttar Pradesh,2020-05-01,1.16,0.67,1.67,0.97,1.3800000000000001,UP,0
1051,Uttar Pradesh,2020-05-02,1.19,0.71,1.7,1.02,1.43,UP,0
1052,Uttar Pradesh,2020-05-03,1.18,0.71,1.69,0.98,1.3800000000000001,UP,0
1053,Uttar Pradesh,2020-05-04,1.17,0.7000000000000001,1.67,1.0,1.4000000000000001,UP,0
1054,Uttar Pradesh,2020-05-05,1.17,0.6900000000000001,1.6500000000000001,1.01,1.41,UP,0
1055,Uttar Pradesh,2020-05-06,1.1,0.63,1.59,0.9500000000000001,1.35,UP,0
1056,Uttar Pradesh,2020-05-07,1.03,0.56,1.52,0.88,1.28,UP,0
1057,Uttar Pradesh,2020-05-08,1.0,0.52,1.48,0.84,1.24,UP,0
1058,Uttar Pradesh,2020-05-09,1.0,0.53,1.5,0.8300000000000001,1.23,UP,0
1059,Uttar Pradesh,2020-05-10,1.0,0.53,1.5,0.8300000000000001,1.23,UP,0
1060,Uttar Pradesh,2020-05-11,1.0,0.52,1.49,0.8300000000000001,1.23,UP,0
1061,Uttarakhand,2020-04-14,3.0,1.01,6.99,2.04,4.45,UT,1
1062,Uttarakhand,2020-04-15,2.88,0.99,6.28,1.99,4.16,UT,1
1063,Uttarakhand,2020-04-16,2.7800000000000002,0.9400000000000001,5.8100000000000005,2.0,4.0200000000000005,UT,1
1064,Uttarakhand,2020-04-17,2.7,0.97,5.5600000000000005,1.87,3.77,UT,1
1065,Uttarakhand,2020-04-18,2.63,0.93,5.3,1.9100000000000001,3.73,UT,1
1066,Uttarakhand,2020-04-19,2.57,0.89,5.09,1.86,3.61,UT,1
1067,Uttarakhand,2020-04-20,2.52,0.89,4.96,1.79,3.48,UT,1
1068,Uttarakhand,2020-04-21,2.47,0.87,4.83,1.82,3.47,UT,1
1069,Uttarakhand,2020-04-22,2.42,0.81,4.67,1.79,3.4,UT,1
1070,Uttarakhand,2020-04-23,2.38,0.78,4.5600000000000005,1.7,3.27,UT,1
1071,Uttarakhand,2020-04-24,2.35,0.72,4.43,1.6600000000000001,3.2,UT,1
1072,Uttarakhand,2020-04-25,2.31,0.76,4.42,1.69,3.21,UT,1
1073,Uttarakhand,2020-04-26,2.2800000000000002,0.68,4.28,1.67,3.17,UT,1
1074,Uttarakhand,2020-04-27,2.25,0.6900000000000001,4.25,1.6400000000000001,3.12,UT,1
1075,Uttarakhand,2020-04-28,2.22,0.67,4.19,1.59,3.0500000000000003,UT,1
1076,Uttarakhand,2020-04-29,2.19,0.62,4.1,1.6,3.0500000000000003,UT,1
1077,Uttarakhand,2020-04-30,2.16,0.61,4.0600000000000005,1.52,2.95,UT,1
1078,Uttarakhand,2020-05-01,2.14,0.58,4.0,1.51,2.93,UT,1
1079,Uttarakhand,2020-05-02,2.11,0.54,3.93,1.49,2.9,UT,1
1080,Uttarakhand,2020-05-03,2.09,0.54,3.91,1.45,2.85,UT,1
1081,Uttarakhand,2020-05-04,2.06,0.49,3.83,1.49,2.89,UT,1
1082,Uttarakhand,2020-05-05,2.04,0.48,3.8000000000000003,1.45,2.84,UT,1
1083,Uttarakhand,2020-05-06,2.02,0.47000000000000003,3.77,1.4000000000000001,2.7800000000000002,UT,1
1084,Uttarakhand,2020-05-07,2.0,0.39,3.66,1.42,2.8000000000000003,UT,1
1085,Uttarakhand,2020-05-08,1.98,0.37,3.62,1.36,2.73,UT,1
1086,Uttarakhand,2020-05-09,1.95,0.35000000000000003,3.58,1.37,2.74,UT,1
1087,Uttarakhand,2020-05-10,1.93,0.33,3.54,1.28,2.64,UT,1
1088,Uttarakhand,2020-05-11,1.9100000000000001,0.31,3.5,1.31,2.67,UT,1
1089,West Bengal,2020-03-18,3.0,1.01,6.99,2.04,4.45,WB,0
1090,West Bengal,2020-03-19,2.88,0.99,6.28,1.99,4.16,WB,0
1091,West Bengal,2020-03-20,2.7800000000000002,0.9400000000000001,5.8100000000000005,2.0,4.0200000000000005,WB,0
1092,West Bengal,2020-03-21,2.7,0.97,5.5600000000000005,1.87,3.77,WB,0
1093,West Bengal,2020-03-22,2.63,0.93,5.3,1.9100000000000001,3.73,WB,0
1094,West Bengal,2020-03-23,2.57,0.89,5.09,1.86,3.61,WB,0
1095,West Bengal,2020-03-24,2.77,0.98,5.24,2.0,3.7800000000000002,WB,0
1096,West Bengal,2020-03-25,2.64,0.93,4.91,1.87,3.5300000000000002,WB,0
1097,West Bengal,2020-03-26,2.5300000000000002,0.93,4.71,1.8900000000000001,3.47,WB,0
1098,West Bengal,2020-03-27,2.63,0.98,4.7,2.0100000000000002,3.5700000000000003,WB,0
1099,West Bengal,2020-03-28,2.5,0.96,4.47,1.86,3.3200000000000003,WB,0
1100,West Bengal,2020-03-29,2.71,1.11,4.57,2.0300000000000002,3.47,WB,0
1101,West Bengal,2020-03-30,2.5100000000000002,1.04,4.25,1.97,3.31,WB,0
1102,West Bengal,2020-03-31,2.36,0.96,3.99,1.84,3.1,WB,0
1103,West Bengal,2020-04-01,2.47,1.1,4.04,1.96,3.18,WB,0
1104,West Bengal,2020-04-02,2.3000000000000003,1.01,3.7800000000000002,1.76,2.9,WB,0
1105,West Bengal,2020-04-03,2.2600000000000002,1.01,3.66,1.75,2.84,WB,0
1106,West Bengal,2020-04-04,2.12,0.92,3.45,1.6500000000000001,2.69,WB,0
1107,West Bengal,2020-04-05,2.0100000000000002,0.81,3.24,1.54,2.54,WB,0
1108,West Bengal,2020-04-06,2.0,0.84,3.2,1.54,2.5100000000000002,WB,0
1109,West Bengal,2020-04-07,1.83,0.73,3.02,1.4000000000000001,2.34,WB,0
1110,West Bengal,2020-04-08,1.83,0.73,2.97,1.4000000000000001,2.32,WB,0
1111,West Bengal,2020-04-09,1.82,0.74,2.93,1.42,2.32,WB,0
1112,West Bengal,2020-04-10,1.81,0.76,2.9,1.43,2.31,WB,0
1113,West Bengal,2020-04-11,1.9000000000000001,0.88,2.96,1.56,2.42,WB,0
1114,West Bengal,2020-04-12,1.9100000000000001,0.93,2.94,1.49,2.31,WB,0
1115,West Bengal,2020-04-13,1.8900000000000001,0.9400000000000001,2.87,1.51,2.3000000000000003,WB,0
1116,West Bengal,2020-04-14,1.92,1.02,2.88,1.56,2.32,WB,0
1117,West Bengal,2020-04-15,1.8800000000000001,1.0,2.7800000000000002,1.54,2.27,WB,0
1118,West Bengal,2020-04-16,1.8,0.96,2.68,1.51,2.22,WB,0
1119,West Bengal,2020-04-17,1.8,0.99,2.65,1.49,2.17,WB,0
1120,West Bengal,2020-04-18,1.76,0.96,2.56,1.48,2.14,WB,0
1121,West Bengal,2020-04-19,1.68,0.9400000000000001,2.5,1.41,2.05,WB,0
1122,West Bengal,2020-04-20,1.68,0.93,2.44,1.4000000000000001,2.02,WB,0
1123,West Bengal,2020-04-21,1.7,0.99,2.46,1.46,2.07,WB,0
1124,West Bengal,2020-04-22,1.67,0.99,2.42,1.44,2.0300000000000002,WB,0
1125,West Bengal,2020-04-23,1.62,0.9500000000000001,2.34,1.37,1.94,WB,0
1126,West Bengal,2020-04-24,1.58,0.93,2.29,1.35,1.9100000000000001,WB,0
1127,West Bengal,2020-04-25,1.49,0.85,2.18,1.27,1.82,WB,0
1128,West Bengal,2020-04-26,1.3900000000000001,0.75,2.06,1.16,1.7,WB,0
1129,West Bengal,2020-04-27,1.32,0.68,1.98,1.11,1.6500000000000001,WB,0
1130,West Bengal,2020-04-28,1.36,0.73,2.02,1.12,1.6500000000000001,WB,0
1131,West Bengal,2020-04-29,1.6500000000000001,1.05,2.32,1.42,1.94,WB,0
1132,West Bengal,2020-04-30,1.71,1.11,2.33,1.47,1.97,WB,0
1133,West Bengal,2020-05-01,1.8,1.23,2.4,1.58,2.06,WB,0
1134,West Bengal,2020-05-02,1.85,1.3,2.42,1.6400000000000001,2.1,WB,0
1135,West Bengal,2020-05-03,1.8,1.26,2.33,1.59,2.0300000000000002,WB,0
1136,West Bengal,2020-05-04,1.71,1.22,2.2600000000000002,1.55,1.98,WB,0
1137,West Bengal,2020-05-05,1.59,1.11,2.12,1.43,1.85,WB,0
1138,West Bengal,2020-05-06,1.51,1.04,2.0300000000000002,1.35,1.76,WB,0
1139,West Bengal,2020-05-07,1.37,0.91,1.8900000000000001,1.19,1.59,WB,0
1140,West Bengal,2020-05-08,1.22,0.74,1.71,1.04,1.44,WB,0
1141,West Bengal,2020-05-09,1.25,0.77,1.74,1.07,1.47,WB,0
1142,West Bengal,2020-05-10,1.26,0.79,1.76,1.09,1.49,WB,0
1143,West Bengal,2020-05-11,1.23,0.76,1.72,1.07,1.47,WB,0
